STATION,NAME,DATE,PRCP,SNOW,SNWD,TAVG,TMAX,TMIN
USW00094741,"TETERBORO AIRPORT, NJ US",1/1/2019,0.06,,,,59,39
USW00094741,"TETERBORO AIRPORT, NJ US",1/2/2019,0,,,,47,33
USW00094741,"TETERBORO AIRPORT, NJ US",1/3/2019,0,,,,45,32
USW00094741,"TETERBORO AIRPORT, NJ US",1/4/2019,0,,,,46,30
USW00094741,"TETERBORO AIRPORT, NJ US",1/5/2019,0.59,,,,46,40
USW00094741,"TETERBORO AIRPORT, NJ US",1/6/2019,0,,,,50,31
USW00094741,"TETERBORO AIRPORT, NJ US",1/7/2019,0,,,,34,24
USW00094741,"TETERBORO AIRPORT, NJ US",1/8/2019,0.11,,,,43,33
USW00094741,"TETERBORO AIRPORT, NJ US",1/9/2019,0.06,,,,46,33
USW00094741,"TETERBORO AIRPORT, NJ US",1/10/2019,0,,,,34,28
USW00094741,"TETERBORO AIRPORT, NJ US",1/11/2019,0,,,,32,21
USW00094741,"TETERBORO AIRPORT, NJ US",1/12/2019,0,,,,36,19
USW00094741,"TETERBORO AIRPORT, NJ US",1/13/2019,0,,,,37,24
USW00094741,"TETERBORO AIRPORT, NJ US",1/14/2019,0,,,,34,19
USW00094741,"TETERBORO AIRPORT, NJ US",1/15/2019,0,,,,37,20
USW00094741,"TETERBORO AIRPORT, NJ US",1/16/2019,0,,,,45,23
USW00094741,"TETERBORO AIRPORT, NJ US",1/17/2019,0,,,,32,24
USW00094741,"TETERBORO AIRPORT, NJ US",1/18/2019,0.03,,,,42,27
USW00094741,"TETERBORO AIRPORT, NJ US",1/19/2019,0.36,,,,37,27
USW00094741,"TETERBORO AIRPORT, NJ US",1/20/2019,1.11,,,,40,14
USW00094741,"TETERBORO AIRPORT, NJ US",1/21/2019,0,,,,15,4
USW00094741,"TETERBORO AIRPORT, NJ US",1/22/2019,0,,,,33,13
USW00094741,"TETERBORO AIRPORT, NJ US",1/23/2019,0,,,,50,26
USW00094741,"TETERBORO AIRPORT, NJ US",1/24/2019,1.42,,,,58,35
USW00094741,"TETERBORO AIRPORT, NJ US",1/25/2019,0,,,,40,27
USW00094741,"TETERBORO AIRPORT, NJ US",1/26/2019,0,,,,36,21
USW00094741,"TETERBORO AIRPORT, NJ US",1/27/2019,0,,,,53,25
USW00094741,"TETERBORO AIRPORT, NJ US",1/28/2019,0,,,,37,23
USW00094741,"TETERBORO AIRPORT, NJ US",1/29/2019,0.28,,,,43,22
USW00094741,"TETERBORO AIRPORT, NJ US",1/30/2019,0,,,,35,5
USW00094741,"TETERBORO AIRPORT, NJ US",1/31/2019,0,,,,19,2
USW00094741,"TETERBORO AIRPORT, NJ US",2/1/2019,0,,,,22,10
USW00094741,"TETERBORO AIRPORT, NJ US",2/2/2019,0,,,,39,14
USW00094741,"TETERBORO AIRPORT, NJ US",2/3/2019,0,,,,55,24
USW00094741,"TETERBORO AIRPORT, NJ US",2/4/2019,0,,,,61,30
USW00094741,"TETERBORO AIRPORT, NJ US",2/5/2019,0,,,,65,34
USW00094741,"TETERBORO AIRPORT, NJ US",2/6/2019,0.49,,,,47,34
USW00094741,"TETERBORO AIRPORT, NJ US",2/7/2019,0.06,,,,45,39
USW00094741,"TETERBORO AIRPORT, NJ US",2/8/2019,0.3,,,,56,31
USW00094741,"TETERBORO AIRPORT, NJ US",2/9/2019,0,,,,33,24
USW00094741,"TETERBORO AIRPORT, NJ US",2/10/2019,0,,,,36,22
USW00094741,"TETERBORO AIRPORT, NJ US",2/11/2019,0,,,,37,31
USW00094741,"TETERBORO AIRPORT, NJ US",2/12/2019,0.81,,,,36,24
USW00094741,"TETERBORO AIRPORT, NJ US",2/13/2019,0.07,,,,42,33
USW00094741,"TETERBORO AIRPORT, NJ US",2/14/2019,0,,,,49,32
USW00094741,"TETERBORO AIRPORT, NJ US",2/15/2019,0,,,,66,37
USW00094741,"TETERBORO AIRPORT, NJ US",2/16/2019,0,,,,46,30
USW00094741,"TETERBORO AIRPORT, NJ US",2/17/2019,0.05,,,,37,25
USW00094741,"TETERBORO AIRPORT, NJ US",2/18/2019,0.12,,,,42,26
USW00094741,"TETERBORO AIRPORT, NJ US",2/19/2019,0,,,,37,22
USW00094741,"TETERBORO AIRPORT, NJ US",2/20/2019,0.79,1.6,,,33,26
USW00094741,"TETERBORO AIRPORT, NJ US",2/21/2019,0.11,,,,54,33
USW00094741,"TETERBORO AIRPORT, NJ US",2/22/2019,0,,,,45,35
USW00094741,"TETERBORO AIRPORT, NJ US",2/23/2019,0,,,,42,31
USW00094741,"TETERBORO AIRPORT, NJ US",2/24/2019,0.63,,,,49,36
USW00094741,"TETERBORO AIRPORT, NJ US",2/25/2019,0,,,,43,27
USW00094741,"TETERBORO AIRPORT, NJ US",2/26/2019,0,,,,38,25
USW00094741,"TETERBORO AIRPORT, NJ US",2/27/2019,0,,,,35,23
USW00094741,"TETERBORO AIRPORT, NJ US",2/28/2019,0.04,,,,37,27
USW00094741,"TETERBORO AIRPORT, NJ US",3/1/2019,0.09,,,,35,25
USW00094741,"TETERBORO AIRPORT, NJ US",3/2/2019,0.47,,,,42,30
USW00094741,"TETERBORO AIRPORT, NJ US",3/3/2019,0.61,3.5,,,43,33
USW00094741,"TETERBORO AIRPORT, NJ US",3/4/2019,0.27,2.4,,,39,27
USW00094741,"TETERBORO AIRPORT, NJ US",3/5/2019,0,,,,32,20
USW00094741,"TETERBORO AIRPORT, NJ US",3/6/2019,0,,,,28,19
USW00094741,"TETERBORO AIRPORT, NJ US",3/7/2019,0,,,,33,17
USW00094741,"TETERBORO AIRPORT, NJ US",3/8/2019,0,,,,39,19
USW00094741,"TETERBORO AIRPORT, NJ US",3/9/2019,0,,,,50,29
USW00094741,"TETERBORO AIRPORT, NJ US",3/10/2019,0.61,,,,42,35
USW00094741,"TETERBORO AIRPORT, NJ US",3/11/2019,0,,,,53,38
USW00094741,"TETERBORO AIRPORT, NJ US",3/12/2019,0,,,,44,33
USW00094741,"TETERBORO AIRPORT, NJ US",3/13/2019,0,,,,49,29
USW00094741,"TETERBORO AIRPORT, NJ US",3/14/2019,0,,,,58,39
USW00094741,"TETERBORO AIRPORT, NJ US",3/15/2019,0.37,,,,76,46
USW00094741,"TETERBORO AIRPORT, NJ US",3/16/2019,0,,,,57,36
USW00094741,"TETERBORO AIRPORT, NJ US",3/17/2019,0,,,,46,31
USW00094741,"TETERBORO AIRPORT, NJ US",3/18/2019,0,,,,47,28
USW00094741,"TETERBORO AIRPORT, NJ US",3/19/2019,0,,,,50,29
USW00094741,"TETERBORO AIRPORT, NJ US",3/20/2019,0,,,,56,30
USW00094741,"TETERBORO AIRPORT, NJ US",3/21/2019,0.59,,,,48,42
USW00094741,"TETERBORO AIRPORT, NJ US",3/22/2019,0.79,,,,50,37
USW00094741,"TETERBORO AIRPORT, NJ US",3/23/2019,0,,,,49,34
USW00094741,"TETERBORO AIRPORT, NJ US",3/24/2019,0,,,,61,33
USW00094741,"TETERBORO AIRPORT, NJ US",3/25/2019,0,,,,55,40
USW00094741,"TETERBORO AIRPORT, NJ US",3/26/2019,0,,,,50,32
USW00094741,"TETERBORO AIRPORT, NJ US",3/27/2019,0,,,,48,32
USW00094741,"TETERBORO AIRPORT, NJ US",3/28/2019,0,,,,54,30
USW00094741,"TETERBORO AIRPORT, NJ US",3/29/2019,0,,,,58,46
USW00094741,"TETERBORO AIRPORT, NJ US",3/30/2019,0,,,,71,48
USW00094741,"TETERBORO AIRPORT, NJ US",3/31/2019,0.07,,,,63,38
USW00094741,"TETERBORO AIRPORT, NJ US",4/1/2019,0,,,,46,32
USW00094741,"TETERBORO AIRPORT, NJ US",4/2/2019,0,,,,54,29
USW00094741,"TETERBORO AIRPORT, NJ US",4/3/2019,0,,,,67,40
USW00094741,"TETERBORO AIRPORT, NJ US",4/4/2019,0,,,,59,40
USW00094741,"TETERBORO AIRPORT, NJ US",4/5/2019,0.24,,,,43,38
USW00094741,"TETERBORO AIRPORT, NJ US",4/6/2019,0.01,,,,67,38
USW00094741,"TETERBORO AIRPORT, NJ US",4/7/2019,0,,,,68,44
USW00094741,"TETERBORO AIRPORT, NJ US",4/8/2019,0.22,,,,80,50
USW00094741,"TETERBORO AIRPORT, NJ US",4/9/2019,0.03,,,,52,46
USW00094741,"TETERBORO AIRPORT, NJ US",4/10/2019,0,,,,60,43
USW00094741,"TETERBORO AIRPORT, NJ US",4/11/2019,0,,,,57,40
USW00094741,"TETERBORO AIRPORT, NJ US",4/12/2019,0.68,,,,71,45
USW00094741,"TETERBORO AIRPORT, NJ US",4/13/2019,0.23,,,,79,61
USW00094741,"TETERBORO AIRPORT, NJ US",4/14/2019,0.02,,,,73,57
USW00094741,"TETERBORO AIRPORT, NJ US",4/15/2019,0.67,,,,63,45
USW00094741,"TETERBORO AIRPORT, NJ US",4/16/2019,0,,,,66,43
USW00094741,"TETERBORO AIRPORT, NJ US",4/17/2019,0.02,,,,65,48
USW00094741,"TETERBORO AIRPORT, NJ US",4/18/2019,0,,,,67,52
USW00094741,"TETERBORO AIRPORT, NJ US",4/19/2019,0.07,,,,80,61
USW00094741,"TETERBORO AIRPORT, NJ US",4/20/2019,0.44,,,,67,56
USW00094741,"TETERBORO AIRPORT, NJ US",4/21/2019,0,,,,66,55
USW00094741,"TETERBORO AIRPORT, NJ US",4/22/2019,0.26,,,,65,52
USW00094741,"TETERBORO AIRPORT, NJ US",4/23/2019,0.03,,,,80,55
USW00094741,"TETERBORO AIRPORT, NJ US",4/24/2019,0,,,,70,54
USW00094741,"TETERBORO AIRPORT, NJ US",4/25/2019,0,,,,68,47
USW00094741,"TETERBORO AIRPORT, NJ US",4/26/2019,0.6,,,,61,52
USW00094741,"TETERBORO AIRPORT, NJ US",4/27/2019,0.07,,,,59,47
USW00094741,"TETERBORO AIRPORT, NJ US",4/28/2019,0.01,,,,53,44
USW00094741,"TETERBORO AIRPORT, NJ US",4/29/2019,0.03,,,,59,36
USW00094741,"TETERBORO AIRPORT, NJ US",4/30/2019,0.09,,,,61,49
USW00094741,"TETERBORO AIRPORT, NJ US",5/1/2019,0,,,,57,51
USW00094741,"TETERBORO AIRPORT, NJ US",5/2/2019,0,,,,78,50
USW00094741,"TETERBORO AIRPORT, NJ US",5/3/2019,0.02,,,,60,51
USW00094741,"TETERBORO AIRPORT, NJ US",5/4/2019,0.26,,,,74,53
USW00094741,"TETERBORO AIRPORT, NJ US",5/5/2019,1.34,,,,58,52
USW00094741,"TETERBORO AIRPORT, NJ US",5/6/2019,0,,,,76,51
USW00094741,"TETERBORO AIRPORT, NJ US",5/7/2019,0.15,,,,77,53
USW00094741,"TETERBORO AIRPORT, NJ US",5/8/2019,0,,,,74,56
USW00094741,"TETERBORO AIRPORT, NJ US",5/9/2019,0,,,,61,53
USW00094741,"TETERBORO AIRPORT, NJ US",5/10/2019,0.01,,,,80,57
USW00094741,"TETERBORO AIRPORT, NJ US",5/11/2019,0.18,,,,71,56
USW00094741,"TETERBORO AIRPORT, NJ US",5/12/2019,1.48,,,,60,43
USW00094741,"TETERBORO AIRPORT, NJ US",5/13/2019,0.71,,,,49,42
USW00094741,"TETERBORO AIRPORT, NJ US",5/14/2019,0.19,,,,53,45
USW00094741,"TETERBORO AIRPORT, NJ US",5/15/2019,0.01,,,,73,44
USW00094741,"TETERBORO AIRPORT, NJ US",5/16/2019,0.05,,,,75,53
USW00094741,"TETERBORO AIRPORT, NJ US",5/17/2019,0.14,,,,80,55
USW00094741,"TETERBORO AIRPORT, NJ US",5/18/2019,0,,,,78,52
USW00094741,"TETERBORO AIRPORT, NJ US",5/19/2019,0.08,,,,83,59
USW00094741,"TETERBORO AIRPORT, NJ US",5/20/2019,0.08,,,,88,66
USW00094741,"TETERBORO AIRPORT, NJ US",5/21/2019,0,,,,73,56
USW00094741,"TETERBORO AIRPORT, NJ US",5/22/2019,0,,,,81,49
USW00094741,"TETERBORO AIRPORT, NJ US",5/23/2019,0.66,,,,79,57
USW00094741,"TETERBORO AIRPORT, NJ US",5/24/2019,0,,,,75,60
USW00094741,"TETERBORO AIRPORT, NJ US",5/25/2019,0,,,,72,54
USW00094741,"TETERBORO AIRPORT, NJ US",5/26/2019,0.02,,,,88,63
USW00094741,"TETERBORO AIRPORT, NJ US",5/27/2019,0,,,,82,62
USW00094741,"TETERBORO AIRPORT, NJ US",5/28/2019,0,,,,71,64
USW00094741,"TETERBORO AIRPORT, NJ US",5/29/2019,0,,,,66,56
USW00094741,"TETERBORO AIRPORT, NJ US",5/30/2019,,,,,70,62
USW00094741,"TETERBORO AIRPORT, NJ US",5/31/2019,,,,,81,63
USW00094741,"TETERBORO AIRPORT, NJ US",6/1/2019,0,,,,81,61
USW00094741,"TETERBORO AIRPORT, NJ US",6/2/2019,0,,,,80,64
USW00094741,"TETERBORO AIRPORT, NJ US",6/3/2019,0,,,,69,56
USW00094741,"TETERBORO AIRPORT, NJ US",6/4/2019,0,,,,74,50
USW00094741,"TETERBORO AIRPORT, NJ US",6/5/2019,0,,,,87,64
USW00094741,"TETERBORO AIRPORT, NJ US",6/6/2019,0,,,,85,70
USW00094741,"TETERBORO AIRPORT, NJ US",6/7/2019,0,,,,83,66
USW00094741,"TETERBORO AIRPORT, NJ US",6/8/2019,0,,,,83,63
USW00094741,"TETERBORO AIRPORT, NJ US",6/9/2019,0,,,,78,58
USW00094741,"TETERBORO AIRPORT, NJ US",6/10/2019,0.38,,,,72,58
USW00094741,"TETERBORO AIRPORT, NJ US",6/11/2019,0.58,,,,79,61
USW00094741,"TETERBORO AIRPORT, NJ US",6/12/2019,0,,,,77,54
USW00094741,"TETERBORO AIRPORT, NJ US",6/13/2019,0.62,,,,67,57
USW00094741,"TETERBORO AIRPORT, NJ US",6/14/2019,0,,,,76,59
USW00094741,"TETERBORO AIRPORT, NJ US",6/15/2019,0,,,,85,54
USW00094741,"TETERBORO AIRPORT, NJ US",6/16/2019,0.03,,,,83,67
USW00094741,"TETERBORO AIRPORT, NJ US",6/17/2019,0,,,,80,68
USW00094741,"TETERBORO AIRPORT, NJ US",6/18/2019,0.79,,,,76,68
USW00094741,"TETERBORO AIRPORT, NJ US",6/19/2019,0,,,,73,67
USW00094741,"TETERBORO AIRPORT, NJ US",6/20/2019,0.24,,,,79,65
USW00094741,"TETERBORO AIRPORT, NJ US",6/21/2019,0.46,,,,81,65
USW00094741,"TETERBORO AIRPORT, NJ US",6/22/2019,0,,,,82,57
USW00094741,"TETERBORO AIRPORT, NJ US",6/23/2019,0,,,,86,59
USW00094741,"TETERBORO AIRPORT, NJ US",6/24/2019,0,,,,89,62
USW00094741,"TETERBORO AIRPORT, NJ US",6/25/2019,0.95,,,,88,72
USW00094741,"TETERBORO AIRPORT, NJ US",6/26/2019,0,,,,91,69
USW00094741,"TETERBORO AIRPORT, NJ US",6/27/2019,0,,,,90,70
USW00094741,"TETERBORO AIRPORT, NJ US",6/28/2019,0,,,,92,69
USW00094741,"TETERBORO AIRPORT, NJ US",6/29/2019,0.47,,,,93,72
USW00094741,"TETERBORO AIRPORT, NJ US",6/30/2019,0.01,,,,85,68
USW00094741,"TETERBORO AIRPORT, NJ US",7/1/2019,0,,,,87,63
USW00094741,"TETERBORO AIRPORT, NJ US",7/2/2019,0.06,,,,89,67
USW00094741,"TETERBORO AIRPORT, NJ US",7/3/2019,0,,,,91,76
USW00094741,"TETERBORO AIRPORT, NJ US",7/4/2019,0,,,,92,71
USW00094741,"TETERBORO AIRPORT, NJ US",7/5/2019,0,,,,87,72
USW00094741,"TETERBORO AIRPORT, NJ US",7/6/2019,0.24,,,,93,75
USW00094741,"TETERBORO AIRPORT, NJ US",7/7/2019,0,,,,87,72
USW00094741,"TETERBORO AIRPORT, NJ US",7/8/2019,0.11,,,,83,71
USW00094741,"TETERBORO AIRPORT, NJ US",7/9/2019,0,,,,90,68
USW00094741,"TETERBORO AIRPORT, NJ US",7/10/2019,0,,,,94,69
USW00094741,"TETERBORO AIRPORT, NJ US",7/11/2019,1.18,,,,88,74
USW00094741,"TETERBORO AIRPORT, NJ US",7/12/2019,0,,,,90,72
USW00094741,"TETERBORO AIRPORT, NJ US",7/13/2019,0,,,,88,69
USW00094741,"TETERBORO AIRPORT, NJ US",7/14/2019,0,,,,91,72
USW00094741,"TETERBORO AIRPORT, NJ US",7/15/2019,0,,,,88,67
USW00094741,"TETERBORO AIRPORT, NJ US",7/16/2019,0,,,,95,69
USW00094741,"TETERBORO AIRPORT, NJ US",7/17/2019,0.94,,,,97,75
USW00094741,"TETERBORO AIRPORT, NJ US",7/18/2019,0.68,,,,79,73
USW00094741,"TETERBORO AIRPORT, NJ US",7/19/2019,0,,,,94,72
USW00094741,"TETERBORO AIRPORT, NJ US",7/20/2019,0,,,,98,80
USW00094741,"TETERBORO AIRPORT, NJ US",7/21/2019,0,,,,99,79
USW00094741,"TETERBORO AIRPORT, NJ US",7/22/2019,1.22,,,,93,72
USW00094741,"TETERBORO AIRPORT, NJ US",7/23/2019,2.25,,,,76,67
USW00094741,"TETERBORO AIRPORT, NJ US",7/24/2019,0.02,,,,86,68
USW00094741,"TETERBORO AIRPORT, NJ US",7/25/2019,0,,,,86,67
USW00094741,"TETERBORO AIRPORT, NJ US",7/26/2019,0,,,,89,66
USW00094741,"TETERBORO AIRPORT, NJ US",7/27/2019,0,,,,88,69
USW00094741,"TETERBORO AIRPORT, NJ US",7/28/2019,0,,,,92,71
USW00094741,"TETERBORO AIRPORT, NJ US",7/29/2019,0,,,,96,71
USW00094741,"TETERBORO AIRPORT, NJ US",7/30/2019,0,,,,96,77
USW00094741,"TETERBORO AIRPORT, NJ US",7/31/2019,0.09,,,,90,73
USW00094741,"TETERBORO AIRPORT, NJ US",8/1/2019,0,,,,95,71
USW00094741,"TETERBORO AIRPORT, NJ US",8/2/2019,0,,,,92,71
USW00094741,"TETERBORO AIRPORT, NJ US",8/3/2019,1.51,,,,91,69
USW00094741,"TETERBORO AIRPORT, NJ US",8/4/2019,0.01,,,,90,70
USW00094741,"TETERBORO AIRPORT, NJ US",8/5/2019,0,,,,86,70
USW00094741,"TETERBORO AIRPORT, NJ US",8/6/2019,0,,,,84,71
USW00094741,"TETERBORO AIRPORT, NJ US",8/7/2019,0.91,,,,90,70
USW00094741,"TETERBORO AIRPORT, NJ US",8/8/2019,0.06,,,,89,68
USW00094741,"TETERBORO AIRPORT, NJ US",8/9/2019,0.01,,,,86,66
USW00094741,"TETERBORO AIRPORT, NJ US",8/10/2019,0,,,,83,63
USW00094741,"TETERBORO AIRPORT, NJ US",8/11/2019,0,,,,82,61
USW00094741,"TETERBORO AIRPORT, NJ US",8/12/2019,0,,,,87,62
USW00094741,"TETERBORO AIRPORT, NJ US",8/13/2019,0.04,,,,81,73
USW00094741,"TETERBORO AIRPORT, NJ US",8/14/2019,0,,,,84,73
USW00094741,"TETERBORO AIRPORT, NJ US",8/15/2019,0,,,,87,72
USW00094741,"TETERBORO AIRPORT, NJ US",8/16/2019,0,,,,87,68
USW00094741,"TETERBORO AIRPORT, NJ US",8/17/2019,0.01,,,,92,74
USW00094741,"TETERBORO AIRPORT, NJ US",8/18/2019,0,,,,97,71
USW00094741,"TETERBORO AIRPORT, NJ US",8/19/2019,0,,,,93,70
USW00094741,"TETERBORO AIRPORT, NJ US",8/20/2019,0,,,,90,73
USW00094741,"TETERBORO AIRPORT, NJ US",8/21/2019,0.03,,,,90,76
USW00094741,"TETERBORO AIRPORT, NJ US",8/22/2019,0.88,,,,92,71
USW00094741,"TETERBORO AIRPORT, NJ US",8/23/2019,0.38,,,,76,65
USW00094741,"TETERBORO AIRPORT, NJ US",8/24/2019,0,,,,78,62
USW00094741,"TETERBORO AIRPORT, NJ US",8/25/2019,0,,,,78,62
USW00094741,"TETERBORO AIRPORT, NJ US",8/26/2019,0,,,,75,59
USW00094741,"TETERBORO AIRPORT, NJ US",8/27/2019,0,,,,78,59
USW00094741,"TETERBORO AIRPORT, NJ US",8/28/2019,0.02,,,,77,66
USW00094741,"TETERBORO AIRPORT, NJ US",8/29/2019,0,,,,84,65
USW00094741,"TETERBORO AIRPORT, NJ US",8/30/2019,0,,,,89,60
USW00094741,"TETERBORO AIRPORT, NJ US",8/31/2019,0,,,,83,67
USW00094741,"TETERBORO AIRPORT, NJ US",9/1/2019,0,,,,83,61
USW00094741,"TETERBORO AIRPORT, NJ US",9/2/2019,0.27,,,,87,69
USW00094741,"TETERBORO AIRPORT, NJ US",9/3/2019,0,,,,84,67
USW00094741,"TETERBORO AIRPORT, NJ US",9/4/2019,0,,,,94,64
USW00094741,"TETERBORO AIRPORT, NJ US",9/5/2019,0,,,,75,64
USW00094741,"TETERBORO AIRPORT, NJ US",9/6/2019,0.05,,,,68,59
USW00094741,"TETERBORO AIRPORT, NJ US",9/7/2019,0.01,,,,78,56
USW00094741,"TETERBORO AIRPORT, NJ US",9/8/2019,0,,,,81,58
USW00094741,"TETERBORO AIRPORT, NJ US",9/9/2019,0,,,,79,63
USW00094741,"TETERBORO AIRPORT, NJ US",9/10/2019,0.02,,,,86,65
USW00094741,"TETERBORO AIRPORT, NJ US",9/11/2019,0,,,,93,68
USW00094741,"TETERBORO AIRPORT, NJ US",9/12/2019,0.1,,,,81,63
USW00094741,"TETERBORO AIRPORT, NJ US",9/13/2019,0,,,,75,57
USW00094741,"TETERBORO AIRPORT, NJ US",9/14/2019,0,,,,79,62
USW00094741,"TETERBORO AIRPORT, NJ US",9/15/2019,0,,,,85,64
USW00094741,"TETERBORO AIRPORT, NJ US",9/16/2019,0,,,,78,65
USW00094741,"TETERBORO AIRPORT, NJ US",9/17/2019,0,,,,78,59
USW00094741,"TETERBORO AIRPORT, NJ US",9/18/2019,0,,,,73,56
USW00094741,"TETERBORO AIRPORT, NJ US",9/19/2019,0,,,,78,47
USW00094741,"TETERBORO AIRPORT, NJ US",9/20/2019,0,,,,82,49
USW00094741,"TETERBORO AIRPORT, NJ US",9/21/2019,0,,,,86,54
USW00094741,"TETERBORO AIRPORT, NJ US",9/22/2019,0,,,,92,59
USW00094741,"TETERBORO AIRPORT, NJ US",9/23/2019,0.07,,,,92,70
USW00094741,"TETERBORO AIRPORT, NJ US",9/24/2019,0,,,,78,60
USW00094741,"TETERBORO AIRPORT, NJ US",9/25/2019,0,,,,82,56
USW00094741,"TETERBORO AIRPORT, NJ US",9/26/2019,0.03,,,,86,57
USW00094741,"TETERBORO AIRPORT, NJ US",9/27/2019,0,,,,79,55
USW00094741,"TETERBORO AIRPORT, NJ US",9/28/2019,0,,,,88,60
USW00094741,"TETERBORO AIRPORT, NJ US",9/29/2019,0,,,,80,63
USW00094741,"TETERBORO AIRPORT, NJ US",9/30/2019,0,,,,71,60
USW00094741,"TETERBORO AIRPORT, NJ US",10/1/2019,0,,,,86,63
USW00094741,"TETERBORO AIRPORT, NJ US",10/2/2019,0.05,,,,95,63
USW00094741,"TETERBORO AIRPORT, NJ US",10/3/2019,0.34,,,,64,53
USW00094741,"TETERBORO AIRPORT, NJ US",10/4/2019,0,,,,67,49
USW00094741,"TETERBORO AIRPORT, NJ US",10/5/2019,0,,,,61,44
USW00094741,"TETERBORO AIRPORT, NJ US",10/6/2019,0,,,,75,54
USW00094741,"TETERBORO AIRPORT, NJ US",10/7/2019,0.35,,,,80,60
USW00094741,"TETERBORO AIRPORT, NJ US",10/8/2019,0.04,,,,65,58
USW00094741,"TETERBORO AIRPORT, NJ US",10/9/2019,0.54,,,,59,53
USW00094741,"TETERBORO AIRPORT, NJ US",10/10/2019,0,,,,72,53
USW00094741,"TETERBORO AIRPORT, NJ US",10/11/2019,0,,,,66,55
USW00094741,"TETERBORO AIRPORT, NJ US",10/12/2019,0,,,,71,56
USW00094741,"TETERBORO AIRPORT, NJ US",10/13/2019,0,,,,76,49
USW00094741,"TETERBORO AIRPORT, NJ US",10/14/2019,0,,,,75,57
USW00094741,"TETERBORO AIRPORT, NJ US",10/15/2019,0,,,,70,46
USW00094741,"TETERBORO AIRPORT, NJ US",10/16/2019,2.34,,,,70,47
USW00094741,"TETERBORO AIRPORT, NJ US",10/17/2019,0,,,,59,51
USW00094741,"TETERBORO AIRPORT, NJ US",10/18/2019,0,,,,59,44
USW00094741,"TETERBORO AIRPORT, NJ US",10/19/2019,0,,,,63,37
USW00094741,"TETERBORO AIRPORT, NJ US",10/20/2019,0.43,,,,57,41
USW00094741,"TETERBORO AIRPORT, NJ US",10/21/2019,0.01,,,,70,50
USW00094741,"TETERBORO AIRPORT, NJ US",10/22/2019,0.39,,,,66,52
USW00094741,"TETERBORO AIRPORT, NJ US",10/23/2019,0.03,,,,68,47
USW00094741,"TETERBORO AIRPORT, NJ US",10/24/2019,0,,,,69,42
USW00094741,"TETERBORO AIRPORT, NJ US",10/25/2019,0,,,,69,45
USW00094741,"TETERBORO AIRPORT, NJ US",10/26/2019,0,,,,64,50
USW00094741,"TETERBORO AIRPORT, NJ US",10/27/2019,1.77,,,,70,52
USW00094741,"TETERBORO AIRPORT, NJ US",10/28/2019,0,,,,64,51
USW00094741,"TETERBORO AIRPORT, NJ US",10/29/2019,0.07,,,,61,55
USW00094741,"TETERBORO AIRPORT, NJ US",10/30/2019,0.05,,,,65,58
USW00094741,"TETERBORO AIRPORT, NJ US",10/31/2019,0.86,,,,77,62
USW00094741,"TETERBORO AIRPORT, NJ US",11/1/2019,0.01,,,,64,41
USW00094741,"TETERBORO AIRPORT, NJ US",11/2/2019,0,,,,53,36
USW00094741,"TETERBORO AIRPORT, NJ US",11/3/2019,0,,,,55,35
USW00094741,"TETERBORO AIRPORT, NJ US",11/4/2019,0,,,,57,35
USW00094741,"TETERBORO AIRPORT, NJ US",11/5/2019,0,,,,63,41
USW00094741,"TETERBORO AIRPORT, NJ US",11/6/2019,0,,,,58,38
USW00094741,"TETERBORO AIRPORT, NJ US",11/7/2019,0.09,,,,58,40
USW00094741,"TETERBORO AIRPORT, NJ US",11/8/2019,0,,,,41,28
USW00094741,"TETERBORO AIRPORT, NJ US",11/9/2019,0,,,,40,22
USW00094741,"TETERBORO AIRPORT, NJ US",11/10/2019,0,,,,52,31
USW00094741,"TETERBORO AIRPORT, NJ US",11/11/2019,0,,,,71,39
USW00094741,"TETERBORO AIRPORT, NJ US",11/12/2019,0.02,,,,53,24
USW00094741,"TETERBORO AIRPORT, NJ US",11/13/2019,0,,,,34,22
USW00094741,"TETERBORO AIRPORT, NJ US",11/14/2019,0,,,,45,23
USW00094741,"TETERBORO AIRPORT, NJ US",11/15/2019,0,,,,57,27
USW00094741,"TETERBORO AIRPORT, NJ US",11/16/2019,0,,,,42,29
USW00094741,"TETERBORO AIRPORT, NJ US",11/17/2019,0,,,,44,26
USW00094741,"TETERBORO AIRPORT, NJ US",11/18/2019,0.49,,,,44,36
USW00094741,"TETERBORO AIRPORT, NJ US",11/19/2019,0.16,,,,48,41
USW00094741,"TETERBORO AIRPORT, NJ US",11/20/2019,0,,,,50,40
USW00094741,"TETERBORO AIRPORT, NJ US",11/21/2019,0,,,,54,32
USW00094741,"TETERBORO AIRPORT, NJ US",11/22/2019,0.06,,,,56,37
USW00094741,"TETERBORO AIRPORT, NJ US",11/23/2019,0.03,,,,46,31
USW00094741,"TETERBORO AIRPORT, NJ US",11/24/2019,0.86,,,,44,36
USW00094741,"TETERBORO AIRPORT, NJ US",11/25/2019,0,,,,56,38
USW00094741,"TETERBORO AIRPORT, NJ US",11/26/2019,0,,,,64,34
USW00094741,"TETERBORO AIRPORT, NJ US",11/27/2019,0,,,,65,40
USW00094741,"TETERBORO AIRPORT, NJ US",11/28/2019,0,,,,54,37
USW00094741,"TETERBORO AIRPORT, NJ US",11/29/2019,0,,,,41,30
USW00094741,"TETERBORO AIRPORT, NJ US",11/30/2019,0,,,,43,29
USW00094741,"TETERBORO AIRPORT, NJ US",12/1/2019,0.64,,,,36,27
USW00094741,"TETERBORO AIRPORT, NJ US",12/2/2019,0.49,,,,36,32
USW00094741,"TETERBORO AIRPORT, NJ US",12/3/2019,0.02,,,,37,31
USW00094741,"TETERBORO AIRPORT, NJ US",12/4/2019,0,,,,41,30
USW00094741,"TETERBORO AIRPORT, NJ US",12/5/2019,0,,,,43,29
USW00094741,"TETERBORO AIRPORT, NJ US",12/6/2019,0,,,,53,30
USW00094741,"TETERBORO AIRPORT, NJ US",12/7/2019,0,,,,39,27
USW00094741,"TETERBORO AIRPORT, NJ US",12/8/2019,0,,,,45,23
USW00094741,"TETERBORO AIRPORT, NJ US",12/9/2019,1.23,,,,57,38
USW00094741,"TETERBORO AIRPORT, NJ US",12/10/2019,0.1,0.5,,,61,40
USW00094741,"TETERBORO AIRPORT, NJ US",12/11/2019,0.27,,,,40,31
USW00094741,"TETERBORO AIRPORT, NJ US",12/12/2019,0,,,,38,25
USW00094741,"TETERBORO AIRPORT, NJ US",12/13/2019,0.67,,,,50,29
USW00094741,"TETERBORO AIRPORT, NJ US",12/14/2019,0.81,,,,57,45
USW00094741,"TETERBORO AIRPORT, NJ US",12/15/2019,0,,,,49,35
USW00094741,"TETERBORO AIRPORT, NJ US",12/16/2019,0.07,,,,37,32
USW00094741,"TETERBORO AIRPORT, NJ US",12/17/2019,0.89,,,,35,32
USW00094741,"TETERBORO AIRPORT, NJ US",12/18/2019,0.02,,,,36,21
USW00094741,"TETERBORO AIRPORT, NJ US",12/19/2019,0,,,,26,16
USW00094741,"TETERBORO AIRPORT, NJ US",12/20/2019,0,,,,34,21
USW00094741,"TETERBORO AIRPORT, NJ US",12/21/2019,0,,,,37,20
USW00094741,"TETERBORO AIRPORT, NJ US",12/22/2019,0,,,,48,23
USW00094741,"TETERBORO AIRPORT, NJ US",12/23/2019,0,,,,59,28
USW00094741,"TETERBORO AIRPORT, NJ US",12/24/2019,0,,,,49,31
USW00094741,"TETERBORO AIRPORT, NJ US",12/25/2019,0,,,,46,26
USW00094741,"TETERBORO AIRPORT, NJ US",12/26/2019,0,,,,45,32
USW00094741,"TETERBORO AIRPORT, NJ US",12/27/2019,0,,,,55,40
USW00094741,"TETERBORO AIRPORT, NJ US",12/28/2019,0,,,,51,32
USW00094741,"TETERBORO AIRPORT, NJ US",12/29/2019,0.24,,,,44,29
USW00094741,"TETERBORO AIRPORT, NJ US",12/30/2019,0.67,,,,51,38
USW00094741,"TETERBORO AIRPORT, NJ US",12/31/2019,0.01,,,,46,38
USW00094741,"TETERBORO AIRPORT, NJ US",1/1/2020,0,,,,41,30
USW00094741,"TETERBORO AIRPORT, NJ US",1/2/2020,0,,,,50,28
USW00094741,"TETERBORO AIRPORT, NJ US",1/3/2020,0.15,,,,51,42
USW00094741,"TETERBORO AIRPORT, NJ US",1/4/2020,0.34,,,,54,42
USW00094741,"TETERBORO AIRPORT, NJ US",1/5/2020,0,,,,44,33
USW00094741,"TETERBORO AIRPORT, NJ US",1/6/2020,0.03,,,,46,31
USW00094741,"TETERBORO AIRPORT, NJ US",1/7/2020,0,,,,45,32
USW00094741,"TETERBORO AIRPORT, NJ US",1/8/2020,0,,,,44,28
USW00094741,"TETERBORO AIRPORT, NJ US",1/9/2020,0,,,,36,23
USW00094741,"TETERBORO AIRPORT, NJ US",1/10/2020,0,,,,59,31
USW00094741,"TETERBORO AIRPORT, NJ US",1/11/2020,0,,,,70,46
USW00094741,"TETERBORO AIRPORT, NJ US",1/12/2020,0.04,,,,69,42
USW00094741,"TETERBORO AIRPORT, NJ US",1/13/2020,0,,,,48,36
USW00094741,"TETERBORO AIRPORT, NJ US",1/14/2020,0.06,,,,46,37
USW00094741,"TETERBORO AIRPORT, NJ US",1/15/2020,0,,,,53,40
USW00094741,"TETERBORO AIRPORT, NJ US",1/16/2020,0.04,,,,51,34
USW00094741,"TETERBORO AIRPORT, NJ US",1/17/2020,0,,,,34,21
USW00094741,"TETERBORO AIRPORT, NJ US",1/18/2020,0.32,,,,37,20
USW00094741,"TETERBORO AIRPORT, NJ US",1/19/2020,0,,,,45,28
USW00094741,"TETERBORO AIRPORT, NJ US",1/20/2020,0,,,,33,21
USW00094741,"TETERBORO AIRPORT, NJ US",1/21/2020,0,,,,35,19
USW00094741,"TETERBORO AIRPORT, NJ US",1/22/2020,0,,,,41,21
USW00094741,"TETERBORO AIRPORT, NJ US",1/23/2020,0,,,,51,23
USW00094741,"TETERBORO AIRPORT, NJ US",1/24/2020,0,,,,53,31
USW00094741,"TETERBORO AIRPORT, NJ US",1/25/2020,1.43,,,,52,38
USW00094741,"TETERBORO AIRPORT, NJ US",1/26/2020,0,,,,48,33
USW00094741,"TETERBORO AIRPORT, NJ US",1/27/2020,0,,,,46,36
USW00094741,"TETERBORO AIRPORT, NJ US",1/28/2020,0,,,,44,36
USW00094741,"TETERBORO AIRPORT, NJ US",1/29/2020,0,,,,41,29
USW00094741,"TETERBORO AIRPORT, NJ US",1/30/2020,0,,,,39,23
USW00094741,"TETERBORO AIRPORT, NJ US",1/31/2020,0.01,,,,45,28
USW00094741,"TETERBORO AIRPORT, NJ US",2/1/2020,0,,,,43,35
USW00094741,"TETERBORO AIRPORT, NJ US",2/2/2020,0.07,,,,44,33
USW00094741,"TETERBORO AIRPORT, NJ US",2/3/2020,0,,,,57,34
USW00094741,"TETERBORO AIRPORT, NJ US",2/4/2020,0,,,,61,39
USW00094741,"TETERBORO AIRPORT, NJ US",2/5/2020,0,,,,51,39
USW00094741,"TETERBORO AIRPORT, NJ US",2/6/2020,0.45,,,,43,35
USW00094741,"TETERBORO AIRPORT, NJ US",2/7/2020,0.24,,,,59,32
USW00094741,"TETERBORO AIRPORT, NJ US",2/8/2020,0,,,,40,28
USW00094741,"TETERBORO AIRPORT, NJ US",2/9/2020,0,,,,42,28
USW00094741,"TETERBORO AIRPORT, NJ US",2/10/2020,0.31,,,,47,39
USW00094741,"TETERBORO AIRPORT, NJ US",2/11/2020,0.3,,,,48,42
USW00094741,"TETERBORO AIRPORT, NJ US",2/12/2020,0.12,,,,48,35
USW00094741,"TETERBORO AIRPORT, NJ US",2/13/2020,0.49,,,,48,35
USW00094741,"TETERBORO AIRPORT, NJ US",2/14/2020,0,,,,38,17
USW00094741,"TETERBORO AIRPORT, NJ US",2/15/2020,0,,,,32,12
USW00094741,"TETERBORO AIRPORT, NJ US",2/16/2020,0,,,,43,27
USW00094741,"TETERBORO AIRPORT, NJ US",2/17/2020,0,,,,51,28
USW00094741,"TETERBORO AIRPORT, NJ US",2/18/2020,0,,,,47,36
USW00094741,"TETERBORO AIRPORT, NJ US",2/19/2020,0,,,,48,31
USW00094741,"TETERBORO AIRPORT, NJ US",2/20/2020,0,,,,35,24
USW00094741,"TETERBORO AIRPORT, NJ US",2/21/2020,0,,,,35,19
USW00094741,"TETERBORO AIRPORT, NJ US",2/22/2020,0,,,,51,23
USW00094741,"TETERBORO AIRPORT, NJ US",2/23/2020,0,,,,56,24
USW00094741,"TETERBORO AIRPORT, NJ US",2/24/2020,0,,,,61,31
USW00094741,"TETERBORO AIRPORT, NJ US",2/25/2020,0.12,,,,52,43
USW00094741,"TETERBORO AIRPORT, NJ US",2/26/2020,0.02,,,,47,43
USW00094741,"TETERBORO AIRPORT, NJ US",2/27/2020,0.32,,,,43,29
USW00094741,"TETERBORO AIRPORT, NJ US",2/28/2020,0,,,,40,27
USW00094741,"TETERBORO AIRPORT, NJ US",2/29/2020,0,,,,35,24
USW00094741,"TETERBORO AIRPORT, NJ US",3/1/2020,0,,,,44,23
USW00094741,"TETERBORO AIRPORT, NJ US",3/2/2020,0,,,,61,27
USW00094741,"TETERBORO AIRPORT, NJ US",3/3/2020,0.3,,,,59,43
USW00094741,"TETERBORO AIRPORT, NJ US",3/4/2020,0,,,,57,43
USW00094741,"TETERBORO AIRPORT, NJ US",3/5/2020,0,,,,55,37
USW00094741,"TETERBORO AIRPORT, NJ US",3/6/2020,0.38,,,,44,35
USW00094741,"TETERBORO AIRPORT, NJ US",3/7/2020,0,,,,48,35
USW00094741,"TETERBORO AIRPORT, NJ US",3/8/2020,0,,,,59,29
USW00094741,"TETERBORO AIRPORT, NJ US",3/9/2020,0,,,,71,36
USW00094741,"TETERBORO AIRPORT, NJ US",3/10/2020,0,,,,66,46
USW00094741,"TETERBORO AIRPORT, NJ US",3/11/2020,0,,,,55,41
USW00094741,"TETERBORO AIRPORT, NJ US",3/12/2020,0.05,,,,51,37
USW00094741,"TETERBORO AIRPORT, NJ US",3/13/2020,0.26,,,,72,43
USW00094741,"TETERBORO AIRPORT, NJ US",3/14/2020,0,,,,55,40
USW00094741,"TETERBORO AIRPORT, NJ US",3/15/2020,0,,,,54,39
USW00094741,"TETERBORO AIRPORT, NJ US",3/16/2020,0,,,,44,30
USW00094741,"TETERBORO AIRPORT, NJ US",3/17/2020,0.15,,,,55,41
USW00094741,"TETERBORO AIRPORT, NJ US",3/18/2020,0,,,,53,36
USW00094741,"TETERBORO AIRPORT, NJ US",3/19/2020,0.88,,,,51,40
USW00094741,"TETERBORO AIRPORT, NJ US",3/20/2020,0,,,,77,46
USW00094741,"TETERBORO AIRPORT, NJ US",3/21/2020,0,,,,62,39
USW00094741,"TETERBORO AIRPORT, NJ US",3/22/2020,0,,,,43,32
USW00094741,"TETERBORO AIRPORT, NJ US",3/23/2020,0.93,,,,40,34
USW00094741,"TETERBORO AIRPORT, NJ US",3/24/2020,0,,,,55,35
USW00094741,"TETERBORO AIRPORT, NJ US",3/25/2020,0,,,,46,37
USW00094741,"TETERBORO AIRPORT, NJ US",3/26/2020,0,,,,60,32
USW00094741,"TETERBORO AIRPORT, NJ US",3/27/2020,0,,,,68,49
USW00094741,"TETERBORO AIRPORT, NJ US",3/28/2020,0.45,,,,52,43
USW00094741,"TETERBORO AIRPORT, NJ US",3/29/2020,0.02,,,,48,45
USW00094741,"TETERBORO AIRPORT, NJ US",3/30/2020,0.09,,,,51,42
USW00094741,"TETERBORO AIRPORT, NJ US",3/31/2020,0.05,,,,49,40
USW00094741,"TETERBORO AIRPORT, NJ US",4/1/2020,0,,,,54,38
USW00094741,"TETERBORO AIRPORT, NJ US",4/2/2020,0,,,,58,37
USW00094741,"TETERBORO AIRPORT, NJ US",4/3/2020,0.09,,,,52,45
USW00094741,"TETERBORO AIRPORT, NJ US",4/4/2020,0,,,,63,46
USW00094741,"TETERBORO AIRPORT, NJ US",4/5/2020,0,,,,63,46
USW00094741,"TETERBORO AIRPORT, NJ US",4/6/2020,0.03,,,,66,46
USW00094741,"TETERBORO AIRPORT, NJ US",4/7/2020,0,,,,67,49
USW00094741,"TETERBORO AIRPORT, NJ US",4/8/2020,0.16,,,,65,48
USW00094741,"TETERBORO AIRPORT, NJ US",4/9/2020,0.09,,,,59,41
USW00094741,"TETERBORO AIRPORT, NJ US",4/10/2020,0.04,,,,48,37
USW00094741,"TETERBORO AIRPORT, NJ US",4/11/2020,0,,,,55,36
USW00094741,"TETERBORO AIRPORT, NJ US",4/12/2020,0,,,,63,33
USW00094741,"TETERBORO AIRPORT, NJ US",4/13/2020,1.81,,,,67,54
USW00094741,"TETERBORO AIRPORT, NJ US",4/14/2020,0,,,,58,44
USW00094741,"TETERBORO AIRPORT, NJ US",4/15/2020,0,,,,52,41
USW00094741,"TETERBORO AIRPORT, NJ US",4/16/2020,0,,,,47,34
USW00094741,"TETERBORO AIRPORT, NJ US",4/17/2020,0.11,,,,50,30
USW00094741,"TETERBORO AIRPORT, NJ US",4/18/2020,0.31,,,,47,37
USW00094741,"TETERBORO AIRPORT, NJ US",4/19/2020,0,,,,62,33
USW00094741,"TETERBORO AIRPORT, NJ US",4/20/2020,0,,,,55,42
USW00094741,"TETERBORO AIRPORT, NJ US",4/21/2020,0.22,,,,59,37
USW00094741,"TETERBORO AIRPORT, NJ US",4/22/2020,0,,,,50,34
USW00094741,"TETERBORO AIRPORT, NJ US",4/23/2020,0.12,,,,50,36
USW00094741,"TETERBORO AIRPORT, NJ US",4/24/2020,0.49,,,,50,41
USW00094741,"TETERBORO AIRPORT, NJ US",4/25/2020,0,,,,63,36
USW00094741,"TETERBORO AIRPORT, NJ US",4/26/2020,0.13,,,,50,41
USW00094741,"TETERBORO AIRPORT, NJ US",4/27/2020,0,,,,50,39
USW00094741,"TETERBORO AIRPORT, NJ US",4/28/2020,0,,,,66,38
USW00094741,"TETERBORO AIRPORT, NJ US",4/29/2020,0.02,,,,56,46
USW00094741,"TETERBORO AIRPORT, NJ US",4/30/2020,0.88,,,,62,48
USW00094741,"TETERBORO AIRPORT, NJ US",5/1/2020,0.28,,,,68,54
USW00094741,"TETERBORO AIRPORT, NJ US",5/2/2020,0,,,,73,50
USW00094741,"TETERBORO AIRPORT, NJ US",5/3/2020,0.05,,,,80,54
USW00094741,"TETERBORO AIRPORT, NJ US",5/4/2020,0,,,,71,48
USW00094741,"TETERBORO AIRPORT, NJ US",5/5/2020,0,,,,63,44
USW00094741,"TETERBORO AIRPORT, NJ US",5/6/2020,0.03,,,,52,45
USW00094741,"TETERBORO AIRPORT, NJ US",5/7/2020,0,,,,66,43
USW00094741,"TETERBORO AIRPORT, NJ US",5/8/2020,0.5,,,,54,36
USW00094741,"TETERBORO AIRPORT, NJ US",5/9/2020,0.03,,,,48,33
USW00094741,"TETERBORO AIRPORT, NJ US",5/10/2020,0,,,,64,34
USW00094741,"TETERBORO AIRPORT, NJ US",5/11/2020,0.1,,,,61,42
USW00094741,"TETERBORO AIRPORT, NJ US",5/12/2020,0,,,,59,40
USW00094741,"TETERBORO AIRPORT, NJ US",5/13/2020,0,,,,64,38
USW00094741,"TETERBORO AIRPORT, NJ US",5/14/2020,0,,,,66,39
USW00094741,"TETERBORO AIRPORT, NJ US",5/15/2020,0.09,,,,85,58
USW00094741,"TETERBORO AIRPORT, NJ US",5/16/2020,0,,,,78,60
USW00094741,"TETERBORO AIRPORT, NJ US",5/17/2020,0,,,,68,55
USW00094741,"TETERBORO AIRPORT, NJ US",5/18/2020,0,,,,69,55
USW00094741,"TETERBORO AIRPORT, NJ US",5/19/2020,0,,,,67,53
USW00094741,"TETERBORO AIRPORT, NJ US",5/20/2020,0,,,,65,48
USW00094741,"TETERBORO AIRPORT, NJ US",5/21/2020,0,,,,68,42
USW00094741,"TETERBORO AIRPORT, NJ US",5/22/2020,0.02,,,,77,51
USW00094741,"TETERBORO AIRPORT, NJ US",5/23/2020,0.78,,,,69,57
USW00094741,"TETERBORO AIRPORT, NJ US",5/24/2020,0,,,,69,51
USW00094741,"TETERBORO AIRPORT, NJ US",5/25/2020,0,,,,73,56
USW00094741,"TETERBORO AIRPORT, NJ US",5/26/2020,0,,,,78,58
USW00094741,"TETERBORO AIRPORT, NJ US",5/27/2020,0,,,,80,60
USW00094741,"TETERBORO AIRPORT, NJ US",5/28/2020,0,,,,78,63
USW00094741,"TETERBORO AIRPORT, NJ US",5/29/2020,0.53,,,,82,68
USW00094741,"TETERBORO AIRPORT, NJ US",5/30/2020,0.03,,,,82,66
USW00094741,"TETERBORO AIRPORT, NJ US",5/31/2020,0,,,,70,54
USW00094741,"TETERBORO AIRPORT, NJ US",6/1/2020,0,,,,72,47
USW00094741,"TETERBORO AIRPORT, NJ US",6/2/2020,0.01,,,,74,51
USW00094741,"TETERBORO AIRPORT, NJ US",6/3/2020,0.38,,,,82,59
USW00094741,"TETERBORO AIRPORT, NJ US",6/4/2020,0.23,,,,86,62
USW00094741,"TETERBORO AIRPORT, NJ US",6/5/2020,1.33,,,,78,69
USW00094741,"TETERBORO AIRPORT, NJ US",6/6/2020,0.18,,,,88,68
USW00094741,"TETERBORO AIRPORT, NJ US",6/7/2020,0,,,,77,62
USW00094741,"TETERBORO AIRPORT, NJ US",6/8/2020,0,,,,80,56
USW00094741,"TETERBORO AIRPORT, NJ US",6/9/2020,0,,,,89,60
USW00094741,"TETERBORO AIRPORT, NJ US",6/10/2020,0,,,,86,69
USW00094741,"TETERBORO AIRPORT, NJ US",6/11/2020,0.1,,,,84,72
USW00094741,"TETERBORO AIRPORT, NJ US",6/12/2020,0,,,,84,67
USW00094741,"TETERBORO AIRPORT, NJ US",6/13/2020,0,,,,74,57
USW00094741,"TETERBORO AIRPORT, NJ US",6/14/2020,0,,,,74,52
USW00094741,"TETERBORO AIRPORT, NJ US",6/15/2020,0,,,,76,54
USW00094741,"TETERBORO AIRPORT, NJ US",6/16/2020,0,,,,78,56
USW00094741,"TETERBORO AIRPORT, NJ US",6/17/2020,0,,,,78,59
USW00094741,"TETERBORO AIRPORT, NJ US",6/18/2020,0,,,,78,65
USW00094741,"TETERBORO AIRPORT, NJ US",6/19/2020,0,,,,84,65
USW00094741,"TETERBORO AIRPORT, NJ US",6/20/2020,0,,,,87,67
USW00094741,"TETERBORO AIRPORT, NJ US",6/21/2020,0,,,,88,66
USW00094741,"TETERBORO AIRPORT, NJ US",6/22/2020,0,,,,91,70
USW00094741,"TETERBORO AIRPORT, NJ US",6/23/2020,0,,,,87,71
USW00094741,"TETERBORO AIRPORT, NJ US",6/24/2020,0,,,,86,72
USW00094741,"TETERBORO AIRPORT, NJ US",6/25/2020,0,,,,86,69
USW00094741,"TETERBORO AIRPORT, NJ US",6/26/2020,0,,,,88,65
USW00094741,"TETERBORO AIRPORT, NJ US",6/27/2020,0.14,,,,81,65
USW00094741,"TETERBORO AIRPORT, NJ US",6/28/2020,0.14,,,,91,69
USW00094741,"TETERBORO AIRPORT, NJ US",6/29/2020,0,,,,89,68
USW00094741,"TETERBORO AIRPORT, NJ US",6/30/2020,0,,,,79,65
USW00094741,"TETERBORO AIRPORT, NJ US",7/1/2020,0.11,,,,80,67
USW00094741,"TETERBORO AIRPORT, NJ US",7/2/2020,0,,,,94,66
USW00094741,"TETERBORO AIRPORT, NJ US",7/3/2020,0.02,,,,93,71
USW00094741,"TETERBORO AIRPORT, NJ US",7/4/2020,0,,,,89,68
USW00094741,"TETERBORO AIRPORT, NJ US",7/5/2020,0,,,,94,71
USW00094741,"TETERBORO AIRPORT, NJ US",7/6/2020,2.89,,,,94,69
USW00094741,"TETERBORO AIRPORT, NJ US",7/7/2020,0,,,,82,71
USW00094741,"TETERBORO AIRPORT, NJ US",7/8/2020,0.02,,,,86,75
USW00094741,"TETERBORO AIRPORT, NJ US",7/9/2020,0,,,,89,73
USW00094741,"TETERBORO AIRPORT, NJ US",7/10/2020,2.87,,,,78,73
USW00094741,"TETERBORO AIRPORT, NJ US",7/11/2020,0.61,,,,86,72
USW00094741,"TETERBORO AIRPORT, NJ US",7/12/2020,0,,,,89,71
USW00094741,"TETERBORO AIRPORT, NJ US",7/13/2020,0.04,,,,87,70
USW00094741,"TETERBORO AIRPORT, NJ US",7/14/2020,0,,,,86,68
USW00094741,"TETERBORO AIRPORT, NJ US",7/15/2020,0,,,,82,70
USW00094741,"TETERBORO AIRPORT, NJ US",7/16/2020,0,,,,78,69
USW00094741,"TETERBORO AIRPORT, NJ US",7/17/2020,0.01,,,,87,69
USW00094741,"TETERBORO AIRPORT, NJ US",7/18/2020,0,,,,92,69
USW00094741,"TETERBORO AIRPORT, NJ US",7/19/2020,0,,,,96,74
USW00094741,"TETERBORO AIRPORT, NJ US",7/20/2020,0,,,,94,80
USW00094741,"TETERBORO AIRPORT, NJ US",7/21/2020,0,,,,93,75
USW00094741,"TETERBORO AIRPORT, NJ US",7/22/2020,0.23,,,,93,73
USW00094741,"TETERBORO AIRPORT, NJ US",7/23/2020,0,,,,90,72
USW00094741,"TETERBORO AIRPORT, NJ US",7/24/2020,0.07,,,,81,74
USW00094741,"TETERBORO AIRPORT, NJ US",7/25/2020,0,,,,90,69
USW00094741,"TETERBORO AIRPORT, NJ US",7/26/2020,0,,,,93,76
USW00094741,"TETERBORO AIRPORT, NJ US",7/27/2020,0,,,,95,73
USW00094741,"TETERBORO AIRPORT, NJ US",7/28/2020,0.15,,,,94,78
USW00094741,"TETERBORO AIRPORT, NJ US",7/29/2020,0,,,,91,72
USW00094741,"TETERBORO AIRPORT, NJ US",7/30/2020,0,,,,94,71
USW00094741,"TETERBORO AIRPORT, NJ US",7/31/2020,0.25,,,,85,71
USW00094741,"TETERBORO AIRPORT, NJ US",8/1/2020,0,,,,90,66
USW00094741,"TETERBORO AIRPORT, NJ US",8/2/2020,0,,,,91,77
USW00094741,"TETERBORO AIRPORT, NJ US",8/3/2020,0.2,,,,90,72
USW00094741,"TETERBORO AIRPORT, NJ US",8/4/2020,1.25,,,,81,71
USW00094741,"TETERBORO AIRPORT, NJ US",8/5/2020,0,,,,88,69
USW00094741,"TETERBORO AIRPORT, NJ US",8/6/2020,0,,,,82,66
USW00094741,"TETERBORO AIRPORT, NJ US",8/7/2020,0.28,,,,80,68
USW00094741,"TETERBORO AIRPORT, NJ US",8/8/2020,0,,,,85,67
USW00094741,"TETERBORO AIRPORT, NJ US",8/9/2020,0,,,,89,70
USW00094741,"TETERBORO AIRPORT, NJ US",8/10/2020,0,,,,92,73
USW00094741,"TETERBORO AIRPORT, NJ US",8/11/2020,0,,,,89,75
USW00094741,"TETERBORO AIRPORT, NJ US",8/12/2020,0.2,,,,92,75
USW00094741,"TETERBORO AIRPORT, NJ US",8/13/2020,0.2,,,,80,72
USW00094741,"TETERBORO AIRPORT, NJ US",8/14/2020,0,,,,88,72
USW00094741,"TETERBORO AIRPORT, NJ US",8/15/2020,0,,,,85,66
USW00094741,"TETERBORO AIRPORT, NJ US",8/16/2020,0.25,,,,71,67
USW00094741,"TETERBORO AIRPORT, NJ US",8/17/2020,1.04,,,,83,62
USW00094741,"TETERBORO AIRPORT, NJ US",8/18/2020,0.15,,,,84,62
USW00094741,"TETERBORO AIRPORT, NJ US",8/19/2020,0.11,,,,76,65
USW00094741,"TETERBORO AIRPORT, NJ US",8/20/2020,0,,,,81,59
USW00094741,"TETERBORO AIRPORT, NJ US",8/21/2020,0,,,,86,65
USW00094741,"TETERBORO AIRPORT, NJ US",8/22/2020,0,,,,89,72
USW00094741,"TETERBORO AIRPORT, NJ US",8/23/2020,0,,,,87,70
USW00094741,"TETERBORO AIRPORT, NJ US",8/24/2020,0,,,,92,73
USW00094741,"TETERBORO AIRPORT, NJ US",8/25/2020,0.29,,,,90,71
USW00094741,"TETERBORO AIRPORT, NJ US",8/26/2020,0,,,,78,64
USW00094741,"TETERBORO AIRPORT, NJ US",8/27/2020,0.45,,,,92,66
USW00094741,"TETERBORO AIRPORT, NJ US",8/28/2020,0.03,,,,87,68
USW00094741,"TETERBORO AIRPORT, NJ US",8/29/2020,0.08,,,,83,71
USW00094741,"TETERBORO AIRPORT, NJ US",8/30/2020,0,,,,80,63
USW00094741,"TETERBORO AIRPORT, NJ US",8/31/2020,0,,,,76,58
USW00094741,"TETERBORO AIRPORT, NJ US",9/1/2020,0.14,,,,79,65
USW00094741,"TETERBORO AIRPORT, NJ US",9/2/2020,0.17,,,,81,68
USW00094741,"TETERBORO AIRPORT, NJ US",9/3/2020,0.14,,,,87,70
USW00094741,"TETERBORO AIRPORT, NJ US",9/4/2020,0,,,,85,66
USW00094741,"TETERBORO AIRPORT, NJ US",9/5/2020,0,,,,80,61
USW00094741,"TETERBORO AIRPORT, NJ US",9/6/2020,0,,,,83,59
USW00094741,"TETERBORO AIRPORT, NJ US",9/7/2020,0,,,,81,61
USW00094741,"TETERBORO AIRPORT, NJ US",9/8/2020,0,,,,84,63
USW00094741,"TETERBORO AIRPORT, NJ US",9/9/2020,0,,,,84,65
USW00094741,"TETERBORO AIRPORT, NJ US",9/10/2020,0.47,,,,85,73
USW00094741,"TETERBORO AIRPORT, NJ US",9/11/2020,0,,,,77,63
USW00094741,"TETERBORO AIRPORT, NJ US",9/12/2020,0,,,,73,59
USW00094741,"TETERBORO AIRPORT, NJ US",9/13/2020,0,,,,76,59
USW00094741,"TETERBORO AIRPORT, NJ US",9/14/2020,0,,,,77,56
USW00094741,"TETERBORO AIRPORT, NJ US",9/15/2020,0,,,,67,51
USW00094741,"TETERBORO AIRPORT, NJ US",9/16/2020,0,,,,71,50
USW00094741,"TETERBORO AIRPORT, NJ US",9/17/2020,0,,,,76,58
USW00094741,"TETERBORO AIRPORT, NJ US",9/18/2020,0,,,,71,53
USW00094741,"TETERBORO AIRPORT, NJ US",9/19/2020,0,,,,64,44
USW00094741,"TETERBORO AIRPORT, NJ US",9/20/2020,0,,,,64,45
USW00094741,"TETERBORO AIRPORT, NJ US",9/21/2020,0,,,,66,42
USW00094741,"TETERBORO AIRPORT, NJ US",9/22/2020,0,,,,73,43
USW00094741,"TETERBORO AIRPORT, NJ US",9/23/2020,0,,,,81,52
USW00094741,"TETERBORO AIRPORT, NJ US",9/24/2020,0,,,,76,54
USW00094741,"TETERBORO AIRPORT, NJ US",9/25/2020,0,,,,79,54
USW00094741,"TETERBORO AIRPORT, NJ US",9/26/2020,0,,,,76,60
USW00094741,"TETERBORO AIRPORT, NJ US",9/27/2020,0.02,,,,79,65
USW00094741,"TETERBORO AIRPORT, NJ US",9/28/2020,0.03,,,,79,68
USW00094741,"TETERBORO AIRPORT, NJ US",9/29/2020,1,,,,74,66
USW00094741,"TETERBORO AIRPORT, NJ US",9/30/2020,0.74,,,,72,60
USW00094741,"TETERBORO AIRPORT, NJ US",10/1/2020,0.02,,,,73,53
USW00094741,"TETERBORO AIRPORT, NJ US",10/2/2020,0.02,,,,67,51
USW00094741,"TETERBORO AIRPORT, NJ US",10/3/2020,0,,,,67,45
USW00094741,"TETERBORO AIRPORT, NJ US",10/4/2020,0,,,,67,45
USW00094741,"TETERBORO AIRPORT, NJ US",10/5/2020,0,,,,69,49
USW00094741,"TETERBORO AIRPORT, NJ US",10/6/2020,0,,,,69,49
USW00094741,"TETERBORO AIRPORT, NJ US",10/7/2020,0,,,,74,58
USW00094741,"TETERBORO AIRPORT, NJ US",10/8/2020,0,,,,65,47
USW00094741,"TETERBORO AIRPORT, NJ US",10/9/2020,0,,,,71,43
USW00094741,"TETERBORO AIRPORT, NJ US",10/10/2020,0,,,,71,53
USW00094741,"TETERBORO AIRPORT, NJ US",10/11/2020,0.01,,,,66,57
USW00094741,"TETERBORO AIRPORT, NJ US",10/12/2020,1.08,,,,57,48
USW00094741,"TETERBORO AIRPORT, NJ US",10/13/2020,0.73,,,,59,52
USW00094741,"TETERBORO AIRPORT, NJ US",10/14/2020,0,,,,70,44
USW00094741,"TETERBORO AIRPORT, NJ US",10/15/2020,0,,,,75,48
USW00094741,"TETERBORO AIRPORT, NJ US",10/16/2020,1.1,,,,63,49
USW00094741,"TETERBORO AIRPORT, NJ US",10/17/2020,0,,,,61,42
USW00094741,"TETERBORO AIRPORT, NJ US",10/18/2020,0,,,,65,38
USW00094741,"TETERBORO AIRPORT, NJ US",10/19/2020,0,,,,66,47
USW00094741,"TETERBORO AIRPORT, NJ US",10/20/2020,0.01,,,,72,54
USW00094741,"TETERBORO AIRPORT, NJ US",10/21/2020,0,,,,71,61
USW00094741,"TETERBORO AIRPORT, NJ US",10/22/2020,0,,,,77,60
USW00094741,"TETERBORO AIRPORT, NJ US",10/23/2020,0,,,,70,62
USW00094741,"TETERBORO AIRPORT, NJ US",10/24/2020,0,,,,70,46
USW00094741,"TETERBORO AIRPORT, NJ US",10/25/2020,0.03,,,,52,42
USW00094741,"TETERBORO AIRPORT, NJ US",10/26/2020,0.05,,,,56,48
USW00094741,"TETERBORO AIRPORT, NJ US",10/27/2020,0,,,,59,52
USW00094741,"TETERBORO AIRPORT, NJ US",10/28/2020,0.11,,,,57,49
USW00094741,"TETERBORO AIRPORT, NJ US",10/29/2020,1.6,,,,54,46
USW00094741,"TETERBORO AIRPORT, NJ US",10/30/2020,0.7,,,,46,34
USW00094741,"TETERBORO AIRPORT, NJ US",10/31/2020,0,,,,46,30
USW00094741,"TETERBORO AIRPORT, NJ US",11/1/2020,0.41,,,,55,37
USW00094741,"TETERBORO AIRPORT, NJ US",11/2/2020,0,,,,44,36
USW00094741,"TETERBORO AIRPORT, NJ US",11/3/2020,0,,,,53,36
USW00094741,"TETERBORO AIRPORT, NJ US",11/4/2020,0,,,,62,36
USW00094741,"TETERBORO AIRPORT, NJ US",11/5/2020,0,,,,68,40
USW00094741,"TETERBORO AIRPORT, NJ US",11/6/2020,0,,,,71,45
USW00094741,"TETERBORO AIRPORT, NJ US",11/7/2020,0,,,,75,43
USW00094741,"TETERBORO AIRPORT, NJ US",11/8/2020,0,,,,75,43
USW00094741,"TETERBORO AIRPORT, NJ US",11/9/2020,0,,,,75,44
USW00094741,"TETERBORO AIRPORT, NJ US",11/10/2020,0,,,,75,48
USW00094741,"TETERBORO AIRPORT, NJ US",11/11/2020,1.14,,,,71,55
USW00094741,"TETERBORO AIRPORT, NJ US",11/12/2020,0.16,,,,66,47
USW00094741,"TETERBORO AIRPORT, NJ US",11/13/2020,0.12,,,,51,40
USW00094741,"TETERBORO AIRPORT, NJ US",11/14/2020,0,,,,52,37
USW00094741,"TETERBORO AIRPORT, NJ US",11/15/2020,0.18,,,,65,32
USW00094741,"TETERBORO AIRPORT, NJ US",11/16/2020,0,,,,54,36
USW00094741,"TETERBORO AIRPORT, NJ US",11/17/2020,0,,,,49,33
USW00094741,"TETERBORO AIRPORT, NJ US",11/18/2020,0,,,,36,25
USW00094741,"TETERBORO AIRPORT, NJ US",11/19/2020,0,,,,53,25
USW00094741,"TETERBORO AIRPORT, NJ US",11/20/2020,0,,,,62,38
USW00094741,"TETERBORO AIRPORT, NJ US",11/21/2020,0,,,,64,39
USW00094741,"TETERBORO AIRPORT, NJ US",11/22/2020,0,,,,58,42
USW00094741,"TETERBORO AIRPORT, NJ US",11/23/2020,0.26,,,,59,38
USW00094741,"TETERBORO AIRPORT, NJ US",11/24/2020,0,,,,49,37
USW00094741,"TETERBORO AIRPORT, NJ US",11/25/2020,0,,,,54,38
USW00094741,"TETERBORO AIRPORT, NJ US",11/26/2020,0.71,,,,64,48
USW00094741,"TETERBORO AIRPORT, NJ US",11/27/2020,0,,,,62,41
USW00094741,"TETERBORO AIRPORT, NJ US",11/28/2020,0,,,,55,37
USW00094741,"TETERBORO AIRPORT, NJ US",11/29/2020,0,,,,57,32
USW00094741,"TETERBORO AIRPORT, NJ US",11/30/2020,1.25,,,,67,41
USW00094741,"TETERBORO AIRPORT, NJ US",12/1/2020,0,,,,58,36
USW00094741,"TETERBORO AIRPORT, NJ US",12/2/2020,0,,,,43,33
USW00094741,"TETERBORO AIRPORT, NJ US",12/3/2020,0,,,,50,29
USW00094741,"TETERBORO AIRPORT, NJ US",12/4/2020,0.09,,,,50,39
USW00094741,"TETERBORO AIRPORT, NJ US",12/5/2020,0.96,,,,47,37
USW00094741,"TETERBORO AIRPORT, NJ US",12/6/2020,0,,,,40,31
USW00094741,"TETERBORO AIRPORT, NJ US",12/7/2020,0,,,,40,25
USW00094741,"TETERBORO AIRPORT, NJ US",12/8/2020,0,,,,36,29
USW00094741,"TETERBORO AIRPORT, NJ US",12/9/2020,0.02,,,,37,26
USW00094741,"TETERBORO AIRPORT, NJ US",12/10/2020,0,,,,49,31
USW00094741,"TETERBORO AIRPORT, NJ US",12/11/2020,0,,,,55,28
USW00094741,"TETERBORO AIRPORT, NJ US",12/12/2020,0,,,,49,35
USW00094741,"TETERBORO AIRPORT, NJ US",12/13/2020,0,,,,61,37
USW00094741,"TETERBORO AIRPORT, NJ US",12/14/2020,0.24,,,,45,35
USW00094741,"TETERBORO AIRPORT, NJ US",12/15/2020,0,,,,39,28
USW00094741,"TETERBORO AIRPORT, NJ US",12/16/2020,0.52,3.5,3.1,,29,23
USW00094741,"TETERBORO AIRPORT, NJ US",12/17/2020,0.29,,,,32,23
USW00094741,"TETERBORO AIRPORT, NJ US",12/18/2020,0,,,,32,20
USW00094741,"TETERBORO AIRPORT, NJ US",12/19/2020,0,,,,31,16
USW00094741,"TETERBORO AIRPORT, NJ US",12/20/2020,0.01,,,,37,25
USW00094741,"TETERBORO AIRPORT, NJ US",12/21/2020,0,,,,46,34
USW00094741,"TETERBORO AIRPORT, NJ US",12/22/2020,0,,,,45,34
USW00094741,"TETERBORO AIRPORT, NJ US",12/23/2020,0,,,,44,29
USW00094741,"TETERBORO AIRPORT, NJ US",12/24/2020,0.3,,,,61,35
USW00094741,"TETERBORO AIRPORT, NJ US",12/25/2020,0.9,,,,63,29
USW00094741,"TETERBORO AIRPORT, NJ US",12/26/2020,0,,,,32,23
USW00094741,"TETERBORO AIRPORT, NJ US",12/27/2020,0,,,,40,22
USW00094741,"TETERBORO AIRPORT, NJ US",12/28/2020,0,,,,49,28
USW00094741,"TETERBORO AIRPORT, NJ US",12/29/2020,0,,,,41,28
USW00094741,"TETERBORO AIRPORT, NJ US",12/30/2020,0,,,,44,24
USW00094741,"TETERBORO AIRPORT, NJ US",12/31/2020,0.28,,,,44,31
USW00094741,"TETERBORO AIRPORT, NJ US",1/1/2021,0.6,,,,38,25
USW00094741,"TETERBORO AIRPORT, NJ US",1/2/2021,0.06,,,,51,33
USW00094741,"TETERBORO AIRPORT, NJ US",1/3/2021,0.19,,,,37,31
USW00094741,"TETERBORO AIRPORT, NJ US",1/4/2021,0.03,,,,43,33
USW00094741,"TETERBORO AIRPORT, NJ US",1/5/2021,0,,,,40,34
USW00094741,"TETERBORO AIRPORT, NJ US",1/6/2021,0,,,,41,33
USW00094741,"TETERBORO AIRPORT, NJ US",1/7/2021,0,,,,42,30
USW00094741,"TETERBORO AIRPORT, NJ US",1/8/2021,0,,,,38,27
USW00094741,"TETERBORO AIRPORT, NJ US",1/9/2021,0,,,,36,23
USW00094741,"TETERBORO AIRPORT, NJ US",1/10/2021,0,,,,41,27
USW00094741,"TETERBORO AIRPORT, NJ US",1/11/2021,0,,,,35,24
USW00094741,"TETERBORO AIRPORT, NJ US",1/12/2021,0,,,,45,21
USW00094741,"TETERBORO AIRPORT, NJ US",1/13/2021,0,,,,43,30
USW00094741,"TETERBORO AIRPORT, NJ US",1/14/2021,0,,,,50,31
USW00094741,"TETERBORO AIRPORT, NJ US",1/15/2021,0.6,,,,44,30
USW00094741,"TETERBORO AIRPORT, NJ US",1/16/2021,0.82,,,,46,36
USW00094741,"TETERBORO AIRPORT, NJ US",1/17/2021,0,,,,43,33
USW00094741,"TETERBORO AIRPORT, NJ US",1/18/2021,0,,,,45,30
USW00094741,"TETERBORO AIRPORT, NJ US",1/19/2021,0,,,,42,30
USW00094741,"TETERBORO AIRPORT, NJ US",1/20/2021,0.01,,,,40,26
USW00094741,"TETERBORO AIRPORT, NJ US",1/21/2021,0,,,,43,20
USW00094741,"TETERBORO AIRPORT, NJ US",1/22/2021,0,,,,45,31
USW00094741,"TETERBORO AIRPORT, NJ US",1/23/2021,0,,,,35,24
USW00094741,"TETERBORO AIRPORT, NJ US",1/24/2021,0,,,,32,21
USW00094741,"TETERBORO AIRPORT, NJ US",1/25/2021,0,,,,38,22
USW00094741,"TETERBORO AIRPORT, NJ US",1/26/2021,0.13,,,,34,30
USW00094741,"TETERBORO AIRPORT, NJ US",1/27/2021,0,,,,36,29
USW00094741,"TETERBORO AIRPORT, NJ US",1/28/2021,0,,,,33,20
USW00094741,"TETERBORO AIRPORT, NJ US",1/29/2021,0,,,,25,14
USW00094741,"TETERBORO AIRPORT, NJ US",1/30/2021,0,,,,33,15
USW00094741,"TETERBORO AIRPORT, NJ US",1/31/2021,0.08,,,,24,17
USW00094741,"TETERBORO AIRPORT, NJ US",2/1/2021,1.73,,,,31,21
USW00094741,"TETERBORO AIRPORT, NJ US",2/2/2021,0.08,,,,33,28
USW00094741,"TETERBORO AIRPORT, NJ US",2/3/2021,0.01,,,,37,28
USW00094741,"TETERBORO AIRPORT, NJ US",2/4/2021,0,,,,43,28
USW00094741,"TETERBORO AIRPORT, NJ US",2/5/2021,0.08,,,,46,28
USW00094741,"TETERBORO AIRPORT, NJ US",2/6/2021,0,,,,43,23
USW00094741,"TETERBORO AIRPORT, NJ US",2/7/2021,0.29,,,,35,23
USW00094741,"TETERBORO AIRPORT, NJ US",2/8/2021,0,,,,30,14
USW00094741,"TETERBORO AIRPORT, NJ US",2/9/2021,0.02,,,,32,16
USW00094741,"TETERBORO AIRPORT, NJ US",2/10/2021,0,,,,35,16
USW00094741,"TETERBORO AIRPORT, NJ US",2/11/2021,0.07,,,,32,24
USW00094741,"TETERBORO AIRPORT, NJ US",2/12/2021,0,,,,29,17
USW00094741,"TETERBORO AIRPORT, NJ US",2/13/2021,0,,,,27,21
USW00094741,"TETERBORO AIRPORT, NJ US",2/14/2021,0,,,,38,25
USW00094741,"TETERBORO AIRPORT, NJ US",2/15/2021,0.01,,,,34,29
USW00094741,"TETERBORO AIRPORT, NJ US",2/16/2021,0.82,,,,51,33
USW00094741,"TETERBORO AIRPORT, NJ US",2/17/2021,0,,,,33,21
USW00094741,"TETERBORO AIRPORT, NJ US",2/18/2021,0.39,,,,28,24
USW00094741,"TETERBORO AIRPORT, NJ US",2/19/2021,0.11,,,,32,26
USW00094741,"TETERBORO AIRPORT, NJ US",2/20/2021,0,,,,34,25
USW00094741,"TETERBORO AIRPORT, NJ US",2/21/2021,0,,,,37,21
USW00094741,"TETERBORO AIRPORT, NJ US",2/22/2021,0.48,,,,39,26
USW00094741,"TETERBORO AIRPORT, NJ US",2/23/2021,0.01,,,,44,32
USW00094741,"TETERBORO AIRPORT, NJ US",2/24/2021,0,,,,53,30
USW00094741,"TETERBORO AIRPORT, NJ US",2/25/2021,0,,,,49,32
USW00094741,"TETERBORO AIRPORT, NJ US",2/26/2021,0,,,,44,32
USW00094741,"TETERBORO AIRPORT, NJ US",2/27/2021,0.45,,,,51,37
USW00094741,"TETERBORO AIRPORT, NJ US",2/28/2021,0.26,,,,44,35
USW00094741,"TETERBORO AIRPORT, NJ US",3/1/2021,0.24,,,,48,30
USW00094741,"TETERBORO AIRPORT, NJ US",3/2/2021,0,,,,33,21
USW00094741,"TETERBORO AIRPORT, NJ US",3/3/2021,0,,,,51,25
USW00094741,"TETERBORO AIRPORT, NJ US",3/4/2021,0,,,,43,26
USW00094741,"TETERBORO AIRPORT, NJ US",3/5/2021,0,,,,36,22
USW00094741,"TETERBORO AIRPORT, NJ US",3/6/2021,0,,,,33,27
USW00094741,"TETERBORO AIRPORT, NJ US",3/7/2021,0,,,,41,27
USW00094741,"TETERBORO AIRPORT, NJ US",3/8/2021,0,,,,43,23
USW00094741,"TETERBORO AIRPORT, NJ US",3/9/2021,0,,,,62,35
USW00094741,"TETERBORO AIRPORT, NJ US",3/10/2021,0,,,,54,33
USW00094741,"TETERBORO AIRPORT, NJ US",3/11/2021,0,,,,72,42
USW00094741,"TETERBORO AIRPORT, NJ US",3/12/2021,0,,,,68,50
USW00094741,"TETERBORO AIRPORT, NJ US",3/13/2021,0,,,,50,31
USW00094741,"TETERBORO AIRPORT, NJ US",3/14/2021,0,,,,52,30
USW00094741,"TETERBORO AIRPORT, NJ US",3/15/2021,0,,,,39,23
USW00094741,"TETERBORO AIRPORT, NJ US",3/16/2021,0.03,,,,35,27
USW00094741,"TETERBORO AIRPORT, NJ US",3/17/2021,0,,,,46,33
USW00094741,"TETERBORO AIRPORT, NJ US",3/18/2021,0.67,,,,45,40
USW00094741,"TETERBORO AIRPORT, NJ US",3/19/2021,0,,,,43,31
USW00094741,"TETERBORO AIRPORT, NJ US",3/20/2021,0,,,,59,30
USW00094741,"TETERBORO AIRPORT, NJ US",3/21/2021,0,,,,63,32
USW00094741,"TETERBORO AIRPORT, NJ US",3/22/2021,0,,,,60,34
USW00094741,"TETERBORO AIRPORT, NJ US",3/23/2021,0,,,,65,37
USW00094741,"TETERBORO AIRPORT, NJ US",3/24/2021,0.99,,,,56,46
USW00094741,"TETERBORO AIRPORT, NJ US",3/25/2021,0.01,,,,67,50
USW00094741,"TETERBORO AIRPORT, NJ US",3/26/2021,0.02,,,,81,53
USW00094741,"TETERBORO AIRPORT, NJ US",3/27/2021,0,,,,69,48
USW00094741,"TETERBORO AIRPORT, NJ US",3/28/2021,0.63,,,,61,48
USW00094741,"TETERBORO AIRPORT, NJ US",3/29/2021,0,,,,54,41
USW00094741,"TETERBORO AIRPORT, NJ US",3/30/2021,0,,,,60,35
USW00094741,"TETERBORO AIRPORT, NJ US",3/31/2021,0.39,,,,66,46
USW00094741,"TETERBORO AIRPORT, NJ US",4/1/2021,0.05,,,,57,36
USW00094741,"TETERBORO AIRPORT, NJ US",4/2/2021,0,,,,38,27
USW00094741,"TETERBORO AIRPORT, NJ US",4/3/2021,0,,,,53,30
USW00094741,"TETERBORO AIRPORT, NJ US",4/4/2021,0,,,,63,40
USW00094741,"TETERBORO AIRPORT, NJ US",4/5/2021,0,,,,68,45
USW00094741,"TETERBORO AIRPORT, NJ US",4/6/2021,0,,,,69,42
USW00094741,"TETERBORO AIRPORT, NJ US",4/7/2021,0,,,,71,42
USW00094741,"TETERBORO AIRPORT, NJ US",4/8/2021,0,,,,76,45
USW00094741,"TETERBORO AIRPORT, NJ US",4/9/2021,0,,,,58,44
USW00094741,"TETERBORO AIRPORT, NJ US",4/10/2021,0,,,,70,50
USW00094741,"TETERBORO AIRPORT, NJ US",4/11/2021,0.31,,,,57,46
USW00094741,"TETERBORO AIRPORT, NJ US",4/12/2021,0.69,,,,49,45
USW00094741,"TETERBORO AIRPORT, NJ US",4/13/2021,0.04,,,,65,42
USW00094741,"TETERBORO AIRPORT, NJ US",4/14/2021,0,,,,72,43
USW00094741,"TETERBORO AIRPORT, NJ US",4/15/2021,0.55,,,,58,44
USW00094741,"TETERBORO AIRPORT, NJ US",4/16/2021,0.01,,,,52,38
USW00094741,"TETERBORO AIRPORT, NJ US",4/17/2021,0,,,,55,41
USW00094741,"TETERBORO AIRPORT, NJ US",4/18/2021,0,,,,61,47
USW00094741,"TETERBORO AIRPORT, NJ US",4/19/2021,0,,,,64,47
USW00094741,"TETERBORO AIRPORT, NJ US",4/20/2021,0,,,,75,43
USW00094741,"TETERBORO AIRPORT, NJ US",4/21/2021,0.01,,,,70,37
USW00094741,"TETERBORO AIRPORT, NJ US",4/22/2021,0,,,,48,34
USW00094741,"TETERBORO AIRPORT, NJ US",4/24/2021,0,,,,70,42
USW00094741,"TETERBORO AIRPORT, NJ US",4/25/2021,0.58,,,,64,49
USW00094741,"TETERBORO AIRPORT, NJ US",4/26/2021,0,,,,59,39
USW00094741,"TETERBORO AIRPORT, NJ US",4/27/2021,0,,,,65,43
USW00094741,"TETERBORO AIRPORT, NJ US",4/28/2021,0,,,,86,50
USW00094741,"TETERBORO AIRPORT, NJ US",4/29/2021,0,,,,76,58
USW00094741,"TETERBORO AIRPORT, NJ US",4/30/2021,0.01,,,,71,44
USW00094741,"TETERBORO AIRPORT, NJ US",5/1/2021,0,,,,64,41
USW00094741,"TETERBORO AIRPORT, NJ US",5/2/2021,0,,,,82,52
USW00094741,"TETERBORO AIRPORT, NJ US",5/3/2021,0.66,,,,66,52
USW00094741,"TETERBORO AIRPORT, NJ US",5/4/2021,0.25,,,,74,52
USW00094741,"TETERBORO AIRPORT, NJ US",5/5/2021,0.41,,,,63,51
USW00094741,"TETERBORO AIRPORT, NJ US",5/6/2021,0,,,,66,47
USW00094741,"TETERBORO AIRPORT, NJ US",5/7/2021,0,,,,64,45
USW00094741,"TETERBORO AIRPORT, NJ US",5/8/2021,0.14,,,,53,43
USW00094741,"TETERBORO AIRPORT, NJ US",5/9/2021,0.5,,,,63,40
USW00094741,"TETERBORO AIRPORT, NJ US",5/10/2021,0.03,,,,60,47
USW00094741,"TETERBORO AIRPORT, NJ US",5/11/2021,0,,,,67,45
USW00094741,"TETERBORO AIRPORT, NJ US",5/12/2021,0,,,,69,44
USW00094741,"TETERBORO AIRPORT, NJ US",5/13/2021,0,,,,70,45
USW00094741,"TETERBORO AIRPORT, NJ US",5/14/2021,0,,,,75,47
USW00094741,"TETERBORO AIRPORT, NJ US",5/15/2021,0,,,,76,49
USW00094741,"TETERBORO AIRPORT, NJ US",5/16/2021,0,,,,77,53
USW00094741,"TETERBORO AIRPORT, NJ US",5/17/2021,0,,,,77,48
USW00094741,"TETERBORO AIRPORT, NJ US",5/18/2021,0,,,,82,53
USW00094741,"TETERBORO AIRPORT, NJ US",5/19/2021,0,,,,87,56
USW00094741,"TETERBORO AIRPORT, NJ US",5/20/2021,0,,,,76,57
USW00094741,"TETERBORO AIRPORT, NJ US",5/21/2021,0,,,,81,51
USW00094741,"TETERBORO AIRPORT, NJ US",5/22/2021,0,,,,88,60
USW00094741,"TETERBORO AIRPORT, NJ US",5/23/2021,0,,,,89,65
USW00094741,"TETERBORO AIRPORT, NJ US",5/24/2021,0,,,,66,58
USW00094741,"TETERBORO AIRPORT, NJ US",5/25/2021,0,,,,76,57
USW00094741,"TETERBORO AIRPORT, NJ US",5/26/2021,0.09,,,,89,64
USW00094741,"TETERBORO AIRPORT, NJ US",5/27/2021,0.02,,,,82,63
USW00094741,"TETERBORO AIRPORT, NJ US",5/28/2021,1.48,,,,67,49
USW00094741,"TETERBORO AIRPORT, NJ US",5/29/2021,0.45,,,,50,46
USW00094741,"TETERBORO AIRPORT, NJ US",5/30/2021,1.38,,,,50,46
USW00094741,"TETERBORO AIRPORT, NJ US",5/31/2021,0,,,,72,48
USW00094741,"TETERBORO AIRPORT, NJ US",6/1/2021,0,,,,77,50
USW00094741,"TETERBORO AIRPORT, NJ US",6/2/2021,0,,,,77,57
USW00094741,"TETERBORO AIRPORT, NJ US",6/3/2021,0.65,,,,74,58
USW00094741,"TETERBORO AIRPORT, NJ US",6/4/2021,1.03,,,,80,64
USW00094741,"TETERBORO AIRPORT, NJ US",6/5/2021,0,,,,91,60
USW00094741,"TETERBORO AIRPORT, NJ US",6/6/2021,0,,,,98,69
USW00094741,"TETERBORO AIRPORT, NJ US",6/7/2021,0.02,,,,91,72
USW00094741,"TETERBORO AIRPORT, NJ US",6/8/2021,1.66,,,,91,72
USW00094741,"TETERBORO AIRPORT, NJ US",6/9/2021,0,,,,95,70
USW00094741,"TETERBORO AIRPORT, NJ US",6/10/2021,0,,,,83,63
USW00094741,"TETERBORO AIRPORT, NJ US",6/11/2021,0.01,,,,73,61
USW00094741,"TETERBORO AIRPORT, NJ US",6/12/2021,0,,,,70,58
USW00094741,"TETERBORO AIRPORT, NJ US",6/13/2021,0,,,,74,56
USW00094741,"TETERBORO AIRPORT, NJ US",6/14/2021,0.25,,,,75,63
USW00094741,"TETERBORO AIRPORT, NJ US",6/15/2021,0,,,,81,63
USW00094741,"TETERBORO AIRPORT, NJ US",6/16/2021,0,,,,76,59
USW00094741,"TETERBORO AIRPORT, NJ US",6/17/2021,0,,,,78,53
USW00094741,"TETERBORO AIRPORT, NJ US",6/18/2021,0,,,,84,55
USW00094741,"TETERBORO AIRPORT, NJ US",6/19/2021,0,,,,89,65
USW00094741,"TETERBORO AIRPORT, NJ US",6/20/2021,0,,,,87,62
USW00094741,"TETERBORO AIRPORT, NJ US",6/21/2021,0,,,,88,74
USW00094741,"TETERBORO AIRPORT, NJ US",6/22/2021,0.13,,,,78,56
USW00094741,"TETERBORO AIRPORT, NJ US",6/23/2021,0,,,,77,51
USW00094741,"TETERBORO AIRPORT, NJ US",6/24/2021,0,,,,79,54
USW00094741,"TETERBORO AIRPORT, NJ US",6/25/2021,0,,,,81,58
USW00094741,"TETERBORO AIRPORT, NJ US",6/26/2021,0.01,,,,83,67
USW00094741,"TETERBORO AIRPORT, NJ US",6/27/2021,0,,,,92,73
USW00094741,"TETERBORO AIRPORT, NJ US",6/28/2021,0,,,,95,74
USW00094741,"TETERBORO AIRPORT, NJ US",6/29/2021,0,,,,98,77
USW00094741,"TETERBORO AIRPORT, NJ US",6/30/2021,0.09,,,,98,75
USW00094741,"TETERBORO AIRPORT, NJ US",7/1/2021,0.42,,,,87,72
USW00094741,"TETERBORO AIRPORT, NJ US",7/2/2021,0.62,,,,79,61
USW00094741,"TETERBORO AIRPORT, NJ US",7/3/2021,0.28,,,,67,59
USW00094741,"TETERBORO AIRPORT, NJ US",7/4/2021,0,,,,81,60
USW00094741,"TETERBORO AIRPORT, NJ US",7/5/2021,0,,,,84,63
USW00094741,"TETERBORO AIRPORT, NJ US",7/6/2021,0.31,,,,95,70
USW00094741,"TETERBORO AIRPORT, NJ US",7/7/2021,0,,,,94,69
USW00094741,"TETERBORO AIRPORT, NJ US",7/8/2021,2.39,,,,86,70
USW00094741,"TETERBORO AIRPORT, NJ US",7/9/2021,1.63,,,,87,71
USW00094741,"TETERBORO AIRPORT, NJ US",7/10/2021,0,,,,82,70
USW00094741,"TETERBORO AIRPORT, NJ US",7/11/2021,0,,,,82,71
USW00094741,"TETERBORO AIRPORT, NJ US",7/12/2021,0.26,,,,87,70
USW00094741,"TETERBORO AIRPORT, NJ US",7/13/2021,0,,,,74,68
USW00094741,"TETERBORO AIRPORT, NJ US",7/14/2021,0,,,,89,69
USW00094741,"TETERBORO AIRPORT, NJ US",7/15/2021,0,,,,94,75
USW00094741,"TETERBORO AIRPORT, NJ US",7/16/2021,0,,,,93,75
USW00094741,"TETERBORO AIRPORT, NJ US",7/17/2021,0.85,,,,94,72
USW00094741,"TETERBORO AIRPORT, NJ US",7/18/2021,0.05,,,,85,72
USW00094741,"TETERBORO AIRPORT, NJ US",7/19/2021,0,,,,83,70
USW00094741,"TETERBORO AIRPORT, NJ US",7/20/2021,0,,,,89,69
USW00094741,"TETERBORO AIRPORT, NJ US",7/22/2021,0,,,,81,64
USW00094741,"TETERBORO AIRPORT, NJ US",7/23/2021,0,,,,81,62
USW00094741,"TETERBORO AIRPORT, NJ US",7/24/2021,0,,,,83,62
USW00094741,"TETERBORO AIRPORT, NJ US",7/25/2021,0.23,,,,84,66
USW00094741,"TETERBORO AIRPORT, NJ US",7/26/2021,0,,,,89,71
USW00094741,"TETERBORO AIRPORT, NJ US",7/27/2021,0.01,,,,91,68
USW00094741,"TETERBORO AIRPORT, NJ US",7/28/2021,0.35,,,,82,67
USW00094741,"TETERBORO AIRPORT, NJ US",7/29/2021,1.27,,,,82,68
USW00094741,"TETERBORO AIRPORT, NJ US",7/30/2021,0,,,,82,63
USW00094741,"TETERBORO AIRPORT, NJ US",7/31/2021,0,,,,76,55
USW00094741,"TETERBORO AIRPORT, NJ US",8/1/2021,0.08,,,,77,61
USW00094741,"TETERBORO AIRPORT, NJ US",8/2/2021,0,,,,80,60
USW00094741,"TETERBORO AIRPORT, NJ US",8/3/2021,0,,,,79,61
USW00094741,"TETERBORO AIRPORT, NJ US",8/4/2021,0,,,,76,64
USW00094741,"TETERBORO AIRPORT, NJ US",8/5/2021,0,,,,82,67
USW00094741,"TETERBORO AIRPORT, NJ US",8/6/2021,0,,,,88,63
USW00094741,"TETERBORO AIRPORT, NJ US",8/7/2021,0,,,,88,69
USW00094741,"TETERBORO AIRPORT, NJ US",8/8/2021,0.29,,,,77,65
USW00094741,"TETERBORO AIRPORT, NJ US",8/9/2021,0.02,,,,82,67
USW00094741,"TETERBORO AIRPORT, NJ US",8/10/2021,0.1,,,,86,70
USW00094741,"TETERBORO AIRPORT, NJ US",8/11/2021,0.19,,,,92,72
USW00094741,"TETERBORO AIRPORT, NJ US",8/12/2021,0.25,,,,96,72
USW00094741,"TETERBORO AIRPORT, NJ US",8/13/2021,0,,,,95,73
USW00094741,"TETERBORO AIRPORT, NJ US",8/14/2021,0,,,,89,75
USW00094741,"TETERBORO AIRPORT, NJ US",8/15/2021,0,,,,83,67
USW00094741,"TETERBORO AIRPORT, NJ US",8/16/2021,0,,,,82,67
USW00094741,"TETERBORO AIRPORT, NJ US",8/17/2021,0,,,,83,72
USW00094741,"TETERBORO AIRPORT, NJ US",8/18/2021,0,,,,86,73
USW00094741,"TETERBORO AIRPORT, NJ US",8/19/2021,0.19,,,,86,76
USW00094741,"TETERBORO AIRPORT, NJ US",8/20/2021,0,,,,82,73
USW00094741,"TETERBORO AIRPORT, NJ US",8/21/2021,2.4,,,,82,70
USW00094741,"TETERBORO AIRPORT, NJ US",8/22/2021,2.52,,,,74,70
USW00094741,"TETERBORO AIRPORT, NJ US",8/23/2021,0.94,,,,84,71
USW00094741,"TETERBORO AIRPORT, NJ US",8/24/2021,0,,,,89,70
USW00094741,"TETERBORO AIRPORT, NJ US",8/25/2021,0,,,,93,68
USW00094741,"TETERBORO AIRPORT, NJ US",8/26/2021,0,,,,94,73
USW00094741,"TETERBORO AIRPORT, NJ US",8/27/2021,0.15,,,,92,75
USW00094741,"TETERBORO AIRPORT, NJ US",8/28/2021,0,,,,79,68
USW00094741,"TETERBORO AIRPORT, NJ US",8/29/2021,0.02,,,,78,66
USW00094741,"TETERBORO AIRPORT, NJ US",8/30/2021,0.12,,,,87,72
USW00094741,"TETERBORO AIRPORT, NJ US",8/31/2021,0,,,,84,71
USW00094741,"TETERBORO AIRPORT, NJ US",9/1/2021,6.97,,,,76,62
USW00094741,"TETERBORO AIRPORT, NJ US",9/2/2021,0.07,,,,75,60
USW00094741,"TETERBORO AIRPORT, NJ US",9/3/2021,0,,,,74,58
USW00094741,"TETERBORO AIRPORT, NJ US",9/4/2021,0,,,,80,58
USW00094741,"TETERBORO AIRPORT, NJ US",9/5/2021,0.01,,,,75,62
USW00094741,"TETERBORO AIRPORT, NJ US",9/6/2021,0,,,,82,65
USW00094741,"TETERBORO AIRPORT, NJ US",9/7/2021,0,,,,80,59
USW00094741,"TETERBORO AIRPORT, NJ US",9/8/2021,0.04,,,,84,64
USW00094741,"TETERBORO AIRPORT, NJ US",9/9/2021,0.12,,,,78,66
USW00094741,"TETERBORO AIRPORT, NJ US",9/10/2021,0,,,,75,59
USW00094741,"TETERBORO AIRPORT, NJ US",9/11/2021,0,,,,78,53
USW00094741,"TETERBORO AIRPORT, NJ US",9/12/2021,0,,,,82,63
USW00094741,"TETERBORO AIRPORT, NJ US",9/13/2021,0.05,,,,84,68
USW00094741,"TETERBORO AIRPORT, NJ US",9/14/2021,0,,,,81,64
USW00094741,"TETERBORO AIRPORT, NJ US",9/15/2021,0,,,,88,68
USW00094741,"TETERBORO AIRPORT, NJ US",9/16/2021,0.06,,,,78,68
USW00094741,"TETERBORO AIRPORT, NJ US",9/17/2021,0.01,,,,74,68
USW00094741,"TETERBORO AIRPORT, NJ US",9/18/2021,0,,,,86,67
USW00094741,"TETERBORO AIRPORT, NJ US",9/19/2021,0,,,,77,58
USW00094741,"TETERBORO AIRPORT, NJ US",9/20/2021,0,,,,77,54
USW00094741,"TETERBORO AIRPORT, NJ US",9/21/2021,0.04,,,,77,57
USW00094741,"TETERBORO AIRPORT, NJ US",9/22/2021,0,,,,82,71
USW00094741,"TETERBORO AIRPORT, NJ US",9/23/2021,1.35,,,,86,63
USW00094741,"TETERBORO AIRPORT, NJ US",9/24/2021,0.44,,,,74,57
USW00094741,"TETERBORO AIRPORT, NJ US",9/25/2021,0,,,,76,53
USW00094741,"TETERBORO AIRPORT, NJ US",9/26/2021,0,,,,72,57
USW00094741,"TETERBORO AIRPORT, NJ US",9/27/2021,0,,,,79,55
USW00094741,"TETERBORO AIRPORT, NJ US",9/28/2021,0.12,,,,73,58
USW00094741,"TETERBORO AIRPORT, NJ US",9/29/2021,0,,,,69,51
USW00094741,"TETERBORO AIRPORT, NJ US",9/30/2021,0,,,,67,51
USW00094741,"TETERBORO AIRPORT, NJ US",10/1/2021,0,,,,67,45
USW00094741,"TETERBORO AIRPORT, NJ US",10/2/2021,0,,,,75,48
USW00094741,"TETERBORO AIRPORT, NJ US",10/3/2021,0,,,,83,52
USW00094741,"TETERBORO AIRPORT, NJ US",10/4/2021,0.44,,,,71,60
USW00094741,"TETERBORO AIRPORT, NJ US",10/5/2021,0,,,,65,59
USW00094741,"TETERBORO AIRPORT, NJ US",10/6/2021,0,,,,72,60
USW00094741,"TETERBORO AIRPORT, NJ US",10/7/2021,0,,,,78,58
USW00094741,"TETERBORO AIRPORT, NJ US",10/8/2021,0,,,,85,56
USW00094741,"TETERBORO AIRPORT, NJ US",10/9/2021,0,,,,67,59
USW00094741,"TETERBORO AIRPORT, NJ US",10/10/2021,0.11,,,,65,60
USW00094741,"TETERBORO AIRPORT, NJ US",10/11/2021,0,,,,74,61
USW00094741,"TETERBORO AIRPORT, NJ US",10/12/2021,0,,,,73,58
USW00094741,"TETERBORO AIRPORT, NJ US",10/13/2021,0,,,,72,59
USW00094741,"TETERBORO AIRPORT, NJ US",10/14/2021,0,,,,79,56
USW00094741,"TETERBORO AIRPORT, NJ US",10/15/2021,0,,,,81,59
USW00094741,"TETERBORO AIRPORT, NJ US",10/16/2021,0.32,,,,80,56
USW00094741,"TETERBORO AIRPORT, NJ US",10/17/2021,0.01,,,,65,49
USW00094741,"TETERBORO AIRPORT, NJ US",10/18/2021,0,,,,60,45
USW00094741,"TETERBORO AIRPORT, NJ US",10/19/2021,0,,,,68,41
USW00094741,"TETERBORO AIRPORT, NJ US",10/20/2021,0,,,,81,56
USW00094741,"TETERBORO AIRPORT, NJ US",10/21/2021,0,,,,79,50
USW00094741,"TETERBORO AIRPORT, NJ US",10/22/2021,0,,,,74,55
USW00094741,"TETERBORO AIRPORT, NJ US",10/23/2021,0.01,,,,60,47
USW00094741,"TETERBORO AIRPORT, NJ US",10/24/2021,0.04,,,,66,41
USW00094741,"TETERBORO AIRPORT, NJ US",10/25/2021,0.66,,,,75,53
USW00094741,"TETERBORO AIRPORT, NJ US",10/26/2021,3.12,,,,62,54
USW00094741,"TETERBORO AIRPORT, NJ US",10/27/2021,0.09,,,,62,52
USW00094741,"TETERBORO AIRPORT, NJ US",10/28/2021,0,,,,60,44
USW00094741,"TETERBORO AIRPORT, NJ US",10/29/2021,0.43,,,,55,45
USW00094741,"TETERBORO AIRPORT, NJ US",10/30/2021,0.39,,,,67,53
USW00094741,"TETERBORO AIRPORT, NJ US",10/31/2021,0.06,,,,65,53
USW00094741,"TETERBORO AIRPORT, NJ US",11/1/2021,0,,,,59,47
USW00094741,"TETERBORO AIRPORT, NJ US",11/2/2021,0,,,,55,42
USW00094741,"TETERBORO AIRPORT, NJ US",11/3/2021,0,,,,53,34
USW00094741,"TETERBORO AIRPORT, NJ US",11/4/2021,0,,,,51,34
USW00094741,"TETERBORO AIRPORT, NJ US",11/5/2021,0,,,,53,32
USW00094741,"TETERBORO AIRPORT, NJ US",11/6/2021,0,,,,54,32
USW00094741,"TETERBORO AIRPORT, NJ US",11/7/2021,0,,,,55,31
USW00094741,"TETERBORO AIRPORT, NJ US",11/8/2021,0,,,,66,37
USW00094741,"TETERBORO AIRPORT, NJ US",11/9/2021,0,,,,71,37
USW00094741,"TETERBORO AIRPORT, NJ US",11/10/2021,0,,,,65,44
USW00094741,"TETERBORO AIRPORT, NJ US",11/11/2021,0,,,,64,36
USW00094741,"TETERBORO AIRPORT, NJ US",11/12/2021,0.61,,,,70,42
USW00094741,"TETERBORO AIRPORT, NJ US",11/13/2021,0.23,,,,62,38
USW00094741,"TETERBORO AIRPORT, NJ US",11/14/2021,0.01,,,,48,32
USW00094741,"TETERBORO AIRPORT, NJ US",11/15/2021,0,,,,48,33
USW00094741,"TETERBORO AIRPORT, NJ US",11/16/2021,0,,,,51,34
USW00094741,"TETERBORO AIRPORT, NJ US",11/17/2021,0,,,,58,31
USW00094741,"TETERBORO AIRPORT, NJ US",11/18/2021,0.09,,,,70,41
USW00094741,"TETERBORO AIRPORT, NJ US",11/19/2021,0.01,,,,48,36
USW00094741,"TETERBORO AIRPORT, NJ US",11/20/2021,0,,,,50,28
USW00094741,"TETERBORO AIRPORT, NJ US",11/21/2021,0,,,,55,40
USW00094741,"TETERBORO AIRPORT, NJ US",11/22/2021,0.02,,,,53,33
USW00094741,"TETERBORO AIRPORT, NJ US",11/23/2021,0,,,,43,30
USW00094741,"TETERBORO AIRPORT, NJ US",11/24/2021,0,,,,46,28
USW00094741,"TETERBORO AIRPORT, NJ US",11/25/2021,0.01,,,,57,30
USW00094741,"TETERBORO AIRPORT, NJ US",11/26/2021,0.13,,,,47,35
USW00094741,"TETERBORO AIRPORT, NJ US",11/27/2021,0,,,,40,32
USW00094741,"TETERBORO AIRPORT, NJ US",11/28/2021,0,,,,41,31
USW00094741,"TETERBORO AIRPORT, NJ US",11/29/2021,0,,,,44,28
USW00094741,"TETERBORO AIRPORT, NJ US",11/30/2021,0.01,,,,41,24
USW00094741,"TETERBORO AIRPORT, NJ US",12/1/2021,0,,,,50,37
USW00094741,"TETERBORO AIRPORT, NJ US",12/2/2021,0.05,,,,59,43
USW00094741,"TETERBORO AIRPORT, NJ US",12/3/2021,0,,,,47,32
USW00094741,"TETERBORO AIRPORT, NJ US",12/4/2021,0,,,,50,30
USW00094741,"TETERBORO AIRPORT, NJ US",12/5/2021,0,,,,50,31
USW00094741,"TETERBORO AIRPORT, NJ US",12/6/2021,0.2,,,,64,41
USW00094741,"TETERBORO AIRPORT, NJ US",12/7/2021,0,,,,42,34
USW00094741,"TETERBORO AIRPORT, NJ US",12/8/2021,0.03,,,,41,33
USW00094741,"TETERBORO AIRPORT, NJ US",12/9/2021,0,,,,43,29
USW00094741,"TETERBORO AIRPORT, NJ US",12/10/2021,0,,,,55,37
USW00094741,"TETERBORO AIRPORT, NJ US",12/11/2021,0.14,,,,68,43
USW00094741,"TETERBORO AIRPORT, NJ US",12/12/2021,0,,,,54,33
USW00094741,"TETERBORO AIRPORT, NJ US",12/13/2021,0,,,,55,33
USW00094741,"TETERBORO AIRPORT, NJ US",12/14/2021,0,,,,54,32
USW00094741,"TETERBORO AIRPORT, NJ US",12/15/2021,0,,,,54,32
USW00094741,"TETERBORO AIRPORT, NJ US",12/16/2021,0,,,,63,51
USW00094741,"TETERBORO AIRPORT, NJ US",12/17/2021,0,,,,64,42
USW00094741,"TETERBORO AIRPORT, NJ US",12/18/2021,0.05,,,,46,39
USW00094741,"TETERBORO AIRPORT, NJ US",12/19/2021,0.03,,,,43,27
USW00094741,"TETERBORO AIRPORT, NJ US",12/20/2021,0,,,,37,23
USW00094741,"TETERBORO AIRPORT, NJ US",12/21/2021,0,,,,42,23
USW00094741,"TETERBORO AIRPORT, NJ US",12/22/2021,0.15,,,,48,32
USW00094741,"TETERBORO AIRPORT, NJ US",12/23/2021,0,,,,36,28
USW00094741,"TETERBORO AIRPORT, NJ US",12/24/2021,0.02,,,,39,29
USW00094741,"TETERBORO AIRPORT, NJ US",12/25/2021,0.17,,,,49,33
USW00094741,"TETERBORO AIRPORT, NJ US",12/26/2021,0,,,,50,37
USW00094741,"TETERBORO AIRPORT, NJ US",12/27/2021,0.05,,,,38,31
USW00094741,"TETERBORO AIRPORT, NJ US",12/28/2021,0.03,,,,48,34
USW00094741,"TETERBORO AIRPORT, NJ US",12/29/2021,0.14,,,,43,40
USW00094741,"TETERBORO AIRPORT, NJ US",12/30/2021,0.03,,,,48,42
USW00094741,"TETERBORO AIRPORT, NJ US",12/31/2021,0,,,,52,47
USW00094741,"TETERBORO AIRPORT, NJ US",1/1/2022,0.8,,,,57,48
USW00094741,"TETERBORO AIRPORT, NJ US",1/2/2022,0.02,,,,59,35
USW00094741,"TETERBORO AIRPORT, NJ US",1/3/2022,0,,,,36,21
USW00094741,"TETERBORO AIRPORT, NJ US",1/4/2022,0,,,,35,18
USW00094741,"TETERBORO AIRPORT, NJ US",1/5/2022,0.17,,,,45,26
USW00094741,"TETERBORO AIRPORT, NJ US",1/6/2022,0,,5.1,,38,30
USW00094741,"TETERBORO AIRPORT, NJ US",1/7/2022,0.29,,,,34,24
USW00094741,"TETERBORO AIRPORT, NJ US",1/8/2022,0,,,,31,19
USW00094741,"TETERBORO AIRPORT, NJ US",1/9/2022,0.08,,,,39,23
USW00094741,"TETERBORO AIRPORT, NJ US",1/10/2022,0,,,,39,23
USW00094741,"TETERBORO AIRPORT, NJ US",1/11/2022,0,,,,23,13
USW00094741,"TETERBORO AIRPORT, NJ US",1/12/2022,0,,,,39,15
USW00094741,"TETERBORO AIRPORT, NJ US",1/13/2022,0,,,,47,25
USW00094741,"TETERBORO AIRPORT, NJ US",1/14/2022,0,,,,43,20
USW00094741,"TETERBORO AIRPORT, NJ US",1/15/2022,0,,,,20,10
USW00094741,"TETERBORO AIRPORT, NJ US",1/16/2022,0.46,,,,37,6
USW00094741,"TETERBORO AIRPORT, NJ US",1/17/2022,1.36,,,,43,33
USW00094741,"TETERBORO AIRPORT, NJ US",1/18/2022,0,,,,37,24
USW00094741,"TETERBORO AIRPORT, NJ US",1/19/2022,0,,,,48,22
USW00094741,"TETERBORO AIRPORT, NJ US",1/20/2022,0.3,,,,43,20
USW00094741,"TETERBORO AIRPORT, NJ US",1/21/2022,0,,,,22,12
USW00094741,"TETERBORO AIRPORT, NJ US",1/22/2022,0,,,,30,11
USW00094741,"TETERBORO AIRPORT, NJ US",1/23/2022,0.02,,,,38,19
USW00094741,"TETERBORO AIRPORT, NJ US",1/24/2022,0,,,,34,26
USW00094741,"TETERBORO AIRPORT, NJ US",1/25/2022,0,,,,42,26
USW00094741,"TETERBORO AIRPORT, NJ US",1/26/2022,0,,,,28,18
USW00094741,"TETERBORO AIRPORT, NJ US",1/27/2022,0,,,,31,13
USW00094741,"TETERBORO AIRPORT, NJ US",1/28/2022,0.08,,,,36,27
USW00094741,"TETERBORO AIRPORT, NJ US",1/29/2022,0.19,,,,27,11
USW00094741,"TETERBORO AIRPORT, NJ US",1/30/2022,0,,,,26,10
USW00094741,"TETERBORO AIRPORT, NJ US",1/31/2022,0,,,,31,11
USW00094741,"TETERBORO AIRPORT, NJ US",2/1/2022,0,,,,35,14
USW00094741,"TETERBORO AIRPORT, NJ US",2/2/2022,0,,,,46,27
USW00094741,"TETERBORO AIRPORT, NJ US",2/3/2022,0.68,,,,46,37
USW00094741,"TETERBORO AIRPORT, NJ US",2/4/2022,0.66,,,,53,26
USW00094741,"TETERBORO AIRPORT, NJ US",2/5/2022,0,,,,27,18
USW00094741,"TETERBORO AIRPORT, NJ US",2/6/2022,0,,,,38,15
USW00094741,"TETERBORO AIRPORT, NJ US",2/7/2022,0.11,,,,37,27
USW00094741,"TETERBORO AIRPORT, NJ US",2/8/2022,0.04,,,,45,30
USW00094741,"TETERBORO AIRPORT, NJ US",2/9/2022,0,,,,47,24
USW00094741,"TETERBORO AIRPORT, NJ US",2/10/2022,0,,,,52,29
USW00094741,"TETERBORO AIRPORT, NJ US",2/11/2022,0,,,,57,27
USW00094741,"TETERBORO AIRPORT, NJ US",2/12/2022,0,,,,58,40
USW00094741,"TETERBORO AIRPORT, NJ US",2/13/2022,0.15,,,,40,24
USW00094741,"TETERBORO AIRPORT, NJ US",2/14/2022,0,,,,25,15
USW00094741,"TETERBORO AIRPORT, NJ US",2/15/2022,0,,,,30,15
USW00094741,"TETERBORO AIRPORT, NJ US",2/16/2022,0,,,,46,20
USW00094741,"TETERBORO AIRPORT, NJ US",2/17/2022,0.32,,,,68,39
USW00094741,"TETERBORO AIRPORT, NJ US",2/18/2022,0.36,,,,63,26
USW00094741,"TETERBORO AIRPORT, NJ US",2/19/2022,0,,,,40,21
USW00094741,"TETERBORO AIRPORT, NJ US",2/20/2022,0,,,,36,19
USW00094741,"TETERBORO AIRPORT, NJ US",2/21/2022,0,,,,54,25
USW00094741,"TETERBORO AIRPORT, NJ US",2/22/2022,0.23,,,,60,33
USW00094741,"TETERBORO AIRPORT, NJ US",2/23/2022,0,,,,68,33
USW00094741,"TETERBORO AIRPORT, NJ US",2/24/2022,0,,,,33,28
USW00094741,"TETERBORO AIRPORT, NJ US",2/25/2022,0.81,,,,43,25
USW00094741,"TETERBORO AIRPORT, NJ US",2/26/2022,0,,,,37,23
USW00094741,"TETERBORO AIRPORT, NJ US",2/27/2022,0,,,,47,24
USW00094741,"TETERBORO AIRPORT, NJ US",2/28/2022,0,,,,36,25
USW00094741,"TETERBORO AIRPORT, NJ US",3/1/2022,0,,,,49,27
USW00094741,"TETERBORO AIRPORT, NJ US",3/2/2022,0,,,,52,34
USW00094741,"TETERBORO AIRPORT, NJ US",3/3/2022,0.04,,,,44,23
USW00094741,"TETERBORO AIRPORT, NJ US",3/4/2022,0,,,,38,18
USW00094741,"TETERBORO AIRPORT, NJ US",3/5/2022,0,,,,46,24
USW00094741,"TETERBORO AIRPORT, NJ US",3/6/2022,0.05,,,,68,41
USW00094741,"TETERBORO AIRPORT, NJ US",3/7/2022,0.05,,,,74,48
USW00094741,"TETERBORO AIRPORT, NJ US",3/8/2022,0,,,,48,38
USW00094741,"TETERBORO AIRPORT, NJ US",3/9/2022,0.56,,,,40,32
USW00094741,"TETERBORO AIRPORT, NJ US",3/10/2022,0,,,,55,27
USW00094741,"TETERBORO AIRPORT, NJ US",3/11/2022,0,,,,57,30
USW00094741,"TETERBORO AIRPORT, NJ US",3/12/2022,0.39,,,,45,22
USW00094741,"TETERBORO AIRPORT, NJ US",3/13/2022,0,,,,36,21
USW00094741,"TETERBORO AIRPORT, NJ US",3/14/2022,0,,,,56,30
USW00094741,"TETERBORO AIRPORT, NJ US",3/15/2022,0,,,,66,35
USW00094741,"TETERBORO AIRPORT, NJ US",3/16/2022,0,,,,66,43
USW00094741,"TETERBORO AIRPORT, NJ US",3/17/2022,0.16,,,,54,45
USW00094741,"TETERBORO AIRPORT, NJ US",3/18/2022,0,,,,74,44
USW00094741,"TETERBORO AIRPORT, NJ US",3/19/2022,0.07,,,,69,49
USW00094741,"TETERBORO AIRPORT, NJ US",3/20/2022,0,,,,58,45
USW00094741,"TETERBORO AIRPORT, NJ US",3/21/2022,0,,,,61,40
USW00094741,"TETERBORO AIRPORT, NJ US",3/22/2022,0,,,,57,41
USW00094741,"TETERBORO AIRPORT, NJ US",3/23/2022,0.15,,,,47,38
USW00094741,"TETERBORO AIRPORT, NJ US",3/24/2022,0.47,,,,46,38
USW00094741,"TETERBORO AIRPORT, NJ US",3/25/2022,0.02,,,,59,40
USW00094741,"TETERBORO AIRPORT, NJ US",3/26/2022,0.02,,,,53,40
USW00094741,"TETERBORO AIRPORT, NJ US",3/27/2022,0,,,,45,27
USW00094741,"TETERBORO AIRPORT, NJ US",3/28/2022,0,,,,32,21
USW00094741,"TETERBORO AIRPORT, NJ US",3/29/2022,0,,,,37,23
USW00094741,"TETERBORO AIRPORT, NJ US",3/30/2022,0,,,,47,25
USW00094741,"TETERBORO AIRPORT, NJ US",3/31/2022,0.12,,,,70,40
USW00094741,"TETERBORO AIRPORT, NJ US",4/1/2022,0.13,,,,59,42
USW00094741,"TETERBORO AIRPORT, NJ US",4/2/2022,0,,,,55,37
USW00094741,"TETERBORO AIRPORT, NJ US",4/3/2022,0.1,,,,48,39
USW00094741,"TETERBORO AIRPORT, NJ US",4/4/2022,0,,,,53,38
USW00094741,"TETERBORO AIRPORT, NJ US",4/5/2022,0.07,,,,57,37
USW00094741,"TETERBORO AIRPORT, NJ US",4/6/2022,0.47,,,,52,45
USW00094741,"TETERBORO AIRPORT, NJ US",4/7/2022,1.95,,,,55,44
USW00094741,"TETERBORO AIRPORT, NJ US",4/8/2022,0.02,,,,64,47
USW00094741,"TETERBORO AIRPORT, NJ US",4/9/2022,0.07,,,,55,46
USW00094741,"TETERBORO AIRPORT, NJ US",4/10/2022,0,,,,49,40
USW00094741,"TETERBORO AIRPORT, NJ US",4/11/2022,0,,,,61,37
USW00094741,"TETERBORO AIRPORT, NJ US",4/12/2022,0.07,,,,72,49
USW00094741,"TETERBORO AIRPORT, NJ US",4/13/2022,0,,,,74,49
USW00094741,"TETERBORO AIRPORT, NJ US",4/14/2022,0.01,,,,88,57
USW00094741,"TETERBORO AIRPORT, NJ US",4/15/2022,0,,,,69,45
USW00094741,"TETERBORO AIRPORT, NJ US",4/16/2022,0.23,,,,70,43
USW00094741,"TETERBORO AIRPORT, NJ US",4/17/2022,0,,,,51,36
USW00094741,"TETERBORO AIRPORT, NJ US",4/18/2022,0.82,,,,52,33
USW00094741,"TETERBORO AIRPORT, NJ US",4/19/2022,1.02,,,,50,38
USW00094741,"TETERBORO AIRPORT, NJ US",4/20/2022,0,,,,60,40
USW00094741,"TETERBORO AIRPORT, NJ US",4/21/2022,0,,,,60,41
USW00094741,"TETERBORO AIRPORT, NJ US",4/22/2022,0,,,,68,42
USW00094741,"TETERBORO AIRPORT, NJ US",4/23/2022,0,,,,63,48
USW00094741,"TETERBORO AIRPORT, NJ US",4/24/2022,0,,,,64,48
USW00094741,"TETERBORO AIRPORT, NJ US",4/25/2022,0,,,,61,46
USW00094741,"TETERBORO AIRPORT, NJ US",4/26/2022,0.04,,,,60,51
USW00094741,"TETERBORO AIRPORT, NJ US",4/27/2022,0,,,,57,39
USW00094741,"TETERBORO AIRPORT, NJ US",4/28/2022,0,,,,57,39
USW00094741,"TETERBORO AIRPORT, NJ US",4/29/2022,0,,,,62,38
USW00094741,"TETERBORO AIRPORT, NJ US",4/30/2022,0,,,,67,40
USW00094741,"TETERBORO AIRPORT, NJ US",5/1/2022,0,,,,71,42
USW00094741,"TETERBORO AIRPORT, NJ US",5/2/2022,0.14,,,,55,51
USW00094741,"TETERBORO AIRPORT, NJ US",5/3/2022,0,,,,63,51
USW00094741,"TETERBORO AIRPORT, NJ US",5/4/2022,0.12,,,,69,50
USW00094741,"TETERBORO AIRPORT, NJ US",5/5/2022,0,,,,82,54
USW00094741,"TETERBORO AIRPORT, NJ US",5/6/2022,0.72,,,,60,50
USW00094741,"TETERBORO AIRPORT, NJ US",5/7/2022,1.04,,,,51,46
USW00094741,"TETERBORO AIRPORT, NJ US",5/8/2022,0.01,,,,61,44
USW00094741,"TETERBORO AIRPORT, NJ US",5/9/2022,0,,,,71,45
USW00094741,"TETERBORO AIRPORT, NJ US",5/10/2022,0,,,,73,47
USW00094741,"TETERBORO AIRPORT, NJ US",5/11/2022,0,,,,76,52
USW00094741,"TETERBORO AIRPORT, NJ US",5/12/2022,0,,,,76,54
USW00094741,"TETERBORO AIRPORT, NJ US",5/13/2022,0,,,,77,59
USW00094741,"TETERBORO AIRPORT, NJ US",5/14/2022,0.36,,,,75,61
USW00094741,"TETERBORO AIRPORT, NJ US",5/15/2022,0.25,,,,83,60
USW00094741,"TETERBORO AIRPORT, NJ US",5/16/2022,0.04,,,,81,60
USW00094741,"TETERBORO AIRPORT, NJ US",5/17/2022,0,,,,76,53
USW00094741,"TETERBORO AIRPORT, NJ US",5/18/2022,0,,,,77,53
USW00094741,"TETERBORO AIRPORT, NJ US",5/19/2022,0.69,,,,72,54
USW00094741,"TETERBORO AIRPORT, NJ US",5/20/2022,0.38,,,,74,52
USW00094741,"TETERBORO AIRPORT, NJ US",5/21/2022,0,,,,98,62
USW00094741,"TETERBORO AIRPORT, NJ US",5/22/2022,0.03,,,,91,70
USW00094741,"TETERBORO AIRPORT, NJ US",5/23/2022,0,,,,74,59
USW00094741,"TETERBORO AIRPORT, NJ US",5/24/2022,0,,,,68,56
USW00094741,"TETERBORO AIRPORT, NJ US",5/25/2022,0,,,,72,54
USW00094741,"TETERBORO AIRPORT, NJ US",5/26/2022,0,,,,76,53
USW00094741,"TETERBORO AIRPORT, NJ US",5/27/2022,0.79,,,,84,64
USW00094741,"TETERBORO AIRPORT, NJ US",5/28/2022,0.67,,,,76,61
USW00094741,"TETERBORO AIRPORT, NJ US",5/29/2022,0,,,,79,56
USW00094741,"TETERBORO AIRPORT, NJ US",5/30/2022,0,,,,88,59
USW00094741,"TETERBORO AIRPORT, NJ US",5/31/2022,0,,,,93,62
USW00094741,"TETERBORO AIRPORT, NJ US",6/1/2022,1.08,,,,75,58
USW00094741,"TETERBORO AIRPORT, NJ US",6/2/2022,0.81,,,,83,61
USW00094741,"TETERBORO AIRPORT, NJ US",6/3/2022,0,,,,77,63
USW00094741,"TETERBORO AIRPORT, NJ US",6/4/2022,0,,,,82,56
USW00094741,"TETERBORO AIRPORT, NJ US",6/5/2022,0,,,,78,52
USW00094741,"TETERBORO AIRPORT, NJ US",6/6/2022,0,,,,81,56
USW00094741,"TETERBORO AIRPORT, NJ US",6/7/2022,0.02,,,,80,56
USW00094741,"TETERBORO AIRPORT, NJ US",6/8/2022,0.11,,,,86,67
USW00094741,"TETERBORO AIRPORT, NJ US",6/9/2022,0.95,,,,83,62
USW00094741,"TETERBORO AIRPORT, NJ US",6/10/2022,0,,,,79,58
USW00094741,"TETERBORO AIRPORT, NJ US",6/11/2022,0,,,,87,63
USW00094741,"TETERBORO AIRPORT, NJ US",6/12/2022,0.03,,,,75,61
USW00094741,"TETERBORO AIRPORT, NJ US",6/13/2022,0.04,,,,87,66
USW00094741,"TETERBORO AIRPORT, NJ US",6/14/2022,0,,,,83,65
USW00094741,"TETERBORO AIRPORT, NJ US",6/15/2022,0,,,,82,63
USW00094741,"TETERBORO AIRPORT, NJ US",6/16/2022,0.21,,,,75,62
USW00094741,"TETERBORO AIRPORT, NJ US",6/17/2022,0,,,,90,69
USW00094741,"TETERBORO AIRPORT, NJ US",6/18/2022,0,,,,72,54
USW00094741,"TETERBORO AIRPORT, NJ US",6/19/2022,0,,,,74,51
USW00094741,"TETERBORO AIRPORT, NJ US",6/20/2022,0,,,,80,53
USW00094741,"TETERBORO AIRPORT, NJ US",6/21/2022,0.01,,,,85,56
USW00094741,"TETERBORO AIRPORT, NJ US",6/22/2022,0.05,,,,71,62
USW00094741,"TETERBORO AIRPORT, NJ US",6/23/2022,0.02,,,,79,61
USW00094741,"TETERBORO AIRPORT, NJ US",6/24/2022,0.04,,,,85,61
USW00094741,"TETERBORO AIRPORT, NJ US",6/25/2022,0,,,,91,64
USW00094741,"TETERBORO AIRPORT, NJ US",6/26/2022,0,,,,90,67
USW00094741,"TETERBORO AIRPORT, NJ US",6/27/2022,0.45,,,,81,65
USW00094741,"TETERBORO AIRPORT, NJ US",6/28/2022,0,,,,80,63
USW00094741,"TETERBORO AIRPORT, NJ US",6/29/2022,0,,,,86,60
USW00094741,"TETERBORO AIRPORT, NJ US",6/30/2022,0,,,,88,63
USW00094741,"TETERBORO AIRPORT, NJ US",7/1/2022,0,,,,95,67
USW00094741,"TETERBORO AIRPORT, NJ US",7/2/2022,0,,,,91,77
USW00094741,"TETERBORO AIRPORT, NJ US",7/3/2022,0,,,,88,69
USW00094741,"TETERBORO AIRPORT, NJ US",7/4/2022,0,,,,86,62
USW00094741,"TETERBORO AIRPORT, NJ US",7/5/2022,0,,,,88,69
USW00094741,"TETERBORO AIRPORT, NJ US",7/6/2022,0,,,,87,73
USW00094741,"TETERBORO AIRPORT, NJ US",7/7/2022,0,,,,82,69
USW00094741,"TETERBORO AIRPORT, NJ US",7/8/2022,0.22,,,,84,64
USW00094741,"TETERBORO AIRPORT, NJ US",7/9/2022,0,,,,86,69
USW00094741,"TETERBORO AIRPORT, NJ US",7/10/2022,0,,,,85,64
USW00094741,"TETERBORO AIRPORT, NJ US",7/11/2022,0,,,,89,64
USW00094741,"TETERBORO AIRPORT, NJ US",7/12/2022,0,,,,94,68
USW00094741,"TETERBORO AIRPORT, NJ US",7/13/2022,0,,,,91,71
USW00094741,"TETERBORO AIRPORT, NJ US",7/14/2022,0,,,,91,70
USW00094741,"TETERBORO AIRPORT, NJ US",7/15/2022,0,,,,86,67
USW00094741,"TETERBORO AIRPORT, NJ US",7/16/2022,0.51,,,,84,69
USW00094741,"TETERBORO AIRPORT, NJ US",7/17/2022,0.01,,,,89,68
USW00094741,"TETERBORO AIRPORT, NJ US",7/18/2022,2.8,,,,85,73
USW00094741,"TETERBORO AIRPORT, NJ US",7/19/2022,0,,,,92,71
USW00094741,"TETERBORO AIRPORT, NJ US",7/20/2022,0,,,,98,73
USW00094741,"TETERBORO AIRPORT, NJ US",7/21/2022,0.83,,,,94,75
USW00094741,"TETERBORO AIRPORT, NJ US",7/22/2022,0,,,,96,73
USW00094741,"TETERBORO AIRPORT, NJ US",7/23/2022,0,,,,,
USW00094741,"TETERBORO AIRPORT, NJ US",7/24/2022,0,,,,97,76
USW00094741,"TETERBORO AIRPORT, NJ US",7/25/2022,0.39,,,,87,76
USW00094741,"TETERBORO AIRPORT, NJ US",7/26/2022,0,,,,81,69
USW00094741,"TETERBORO AIRPORT, NJ US",7/27/2022,0,,,,90,64
USW00094741,"TETERBORO AIRPORT, NJ US",7/28/2022,0,,,,90,73
USW00094741,"TETERBORO AIRPORT, NJ US",7/29/2022,0,,,,86,72
USW00094741,"TETERBORO AIRPORT, NJ US",7/30/2022,0,,,,87,71
USW00094741,"TETERBORO AIRPORT, NJ US",7/31/2022,0,,,,88,66
USW00094741,"TETERBORO AIRPORT, NJ US",8/1/2022,0.37,,,,77,68
USW00094741,"TETERBORO AIRPORT, NJ US",8/2/2022,0,,,,94,68
USW00094741,"TETERBORO AIRPORT, NJ US",8/3/2022,0,,,,92,69
USW00094741,"TETERBORO AIRPORT, NJ US",8/4/2022,0,,,,94,70
USW00094741,"TETERBORO AIRPORT, NJ US",8/5/2022,0,,,,93,77
USW00094741,"TETERBORO AIRPORT, NJ US",8/6/2022,0,,,,93,75
USW00094741,"TETERBORO AIRPORT, NJ US",8/7/2022,0,,,,94,79
USW00094741,"TETERBORO AIRPORT, NJ US",8/8/2022,0,,,,97,78
USW00094741,"TETERBORO AIRPORT, NJ US",8/9/2022,0.18,,,,97,80
USW00094741,"TETERBORO AIRPORT, NJ US",8/10/2022,0,,,,88,74
USW00094741,"TETERBORO AIRPORT, NJ US",8/11/2022,0.05,,,,90,70
USW00094741,"TETERBORO AIRPORT, NJ US",8/12/2022,0,,,,85,68
USW00094741,"TETERBORO AIRPORT, NJ US",8/13/2022,0,,,,80,61
USW00094741,"TETERBORO AIRPORT, NJ US",8/14/2022,0,,,,85,60
USW00094741,"TETERBORO AIRPORT, NJ US",8/15/2022,0,,,,86,64
USW00094741,"TETERBORO AIRPORT, NJ US",8/16/2022,0,,,,83,63
USW00094741,"TETERBORO AIRPORT, NJ US",8/17/2022,0.01,,,,81,65
USW00094741,"TETERBORO AIRPORT, NJ US",8/18/2022,0,,,,88,60
USW00094741,"TETERBORO AIRPORT, NJ US",8/19/2022,0,,,,90,63
USW00094741,"TETERBORO AIRPORT, NJ US",8/20/2022,0,,,,90,69
USW00094741,"TETERBORO AIRPORT, NJ US",8/21/2022,0,,,,88,68
USW00094741,"TETERBORO AIRPORT, NJ US",8/22/2022,0.88,,,,83,72
USW00094741,"TETERBORO AIRPORT, NJ US",8/23/2022,0,,,,87,70
USW00094741,"TETERBORO AIRPORT, NJ US",8/24/2022,0,,,,90,66
USW00094741,"TETERBORO AIRPORT, NJ US",8/25/2022,0,,,,93,67
USW00094741,"TETERBORO AIRPORT, NJ US",8/26/2022,0,,,,90,69
USW00094741,"TETERBORO AIRPORT, NJ US",8/27/2022,0.01,,,,89,72
USW00094741,"TETERBORO AIRPORT, NJ US",8/28/2022,0,,,,83,73
USW00094741,"TETERBORO AIRPORT, NJ US",8/29/2022,0,,,,90,74
USW00094741,"TETERBORO AIRPORT, NJ US",8/30/2022,0.2,,,,89,73
USW00094741,"TETERBORO AIRPORT, NJ US",8/31/2022,0.01,,,,85,67
USW00094741,"TETERBORO AIRPORT, NJ US",9/1/2022,0,,,,86,62
USW00094741,"TETERBORO AIRPORT, NJ US",9/2/2022,0,,,,79,57
USW00094741,"TETERBORO AIRPORT, NJ US",9/3/2022,0,,,,82,59
USW00094741,"TETERBORO AIRPORT, NJ US",9/4/2022,0,,,,87,69
USW00094741,"TETERBORO AIRPORT, NJ US",9/5/2022,0.02,,,,89,71
USW00094741,"TETERBORO AIRPORT, NJ US",9/6/2022,0.72,,,,78,66
USW00094741,"TETERBORO AIRPORT, NJ US",9/7/2022,0.01,,,,72,65
USW00094741,"TETERBORO AIRPORT, NJ US",9/8/2022,0,,,,79,62
USW00094741,"TETERBORO AIRPORT, NJ US",9/9/2022,0,,,,80,60
USW00094741,"TETERBORO AIRPORT, NJ US",9/10/2022,0,,,,85,58
USW00094741,"TETERBORO AIRPORT, NJ US",9/11/2022,0.26,,,,79,67
USW00094741,"TETERBORO AIRPORT, NJ US",9/12/2022,1.05,,,,85,67
USW00094741,"TETERBORO AIRPORT, NJ US",9/13/2022,0.46,,,,86,65
USW00094741,"TETERBORO AIRPORT, NJ US",9/14/2022,0,,,,83,58
USW00094741,"TETERBORO AIRPORT, NJ US",9/15/2022,0,,,,75,54
USW00094741,"TETERBORO AIRPORT, NJ US",9/16/2022,0,,,,78,50
USW00094741,"TETERBORO AIRPORT, NJ US",9/17/2022,0,,,,75,63
USW00094741,"TETERBORO AIRPORT, NJ US",9/18/2022,0,,,,83,67
USW00094741,"TETERBORO AIRPORT, NJ US",9/19/2022,0,,,,85,68
USW00094741,"TETERBORO AIRPORT, NJ US",9/20/2022,0,,,,79,67
USW00094741,"TETERBORO AIRPORT, NJ US",9/21/2022,0,,,,80,62
USW00094741,"TETERBORO AIRPORT, NJ US",9/22/2022,0,,,,75,57
USW00094741,"TETERBORO AIRPORT, NJ US",9/23/2022,0,,,,63,51
USW00094741,"TETERBORO AIRPORT, NJ US",9/24/2022,0,,,,69,49
USW00094741,"TETERBORO AIRPORT, NJ US",9/25/2022,0,,,,72,59
USW00094741,"TETERBORO AIRPORT, NJ US",9/26/2022,0,,,,74,58
USW00094741,"TETERBORO AIRPORT, NJ US",9/27/2022,0,,,,70,59
USW00094741,"TETERBORO AIRPORT, NJ US",9/28/2022,0,,,,69,53
USW00094741,"TETERBORO AIRPORT, NJ US",9/29/2022,0,,,,67,50
USW00094741,"TETERBORO AIRPORT, NJ US",9/30/2022,0,,,,62,50
USW00094741,"TETERBORO AIRPORT, NJ US",10/1/2022,0.4,,,,60,52
USW00094741,"TETERBORO AIRPORT, NJ US",10/2/2022,0,,,,61,52
USW00094741,"TETERBORO AIRPORT, NJ US",10/3/2022,0.26,,,,53,48
USW00094741,"TETERBORO AIRPORT, NJ US",10/4/2022,1.87,,,,53,44
USW00094741,"TETERBORO AIRPORT, NJ US",10/5/2022,0.58,,,,59,52
USW00094741,"TETERBORO AIRPORT, NJ US",10/6/2022,0,,,,77,50
USW00094741,"TETERBORO AIRPORT, NJ US",10/7/2022,0.01,,,,77,52
USW00094741,"TETERBORO AIRPORT, NJ US",10/8/2022,0.01,,,,59,42
USW00094741,"TETERBORO AIRPORT, NJ US",10/9/2022,0,,,,63,37
USW00094741,"TETERBORO AIRPORT, NJ US",10/10/2022,0,,,,69,43
USW00094741,"TETERBORO AIRPORT, NJ US",10/11/2022,0,,,,75,45
USW00094741,"TETERBORO AIRPORT, NJ US",10/12/2022,0,,,,73,46
USW00094741,"TETERBORO AIRPORT, NJ US",10/13/2022,0.79,,,,73,53
USW00094741,"TETERBORO AIRPORT, NJ US",10/14/2022,0.13,,,,68,49
USW00094741,"TETERBORO AIRPORT, NJ US",10/15/2022,0,,,,70,42
USW00094741,"TETERBORO AIRPORT, NJ US",10/16/2022,0,,,,68,47
USW00094741,"TETERBORO AIRPORT, NJ US",10/17/2022,0.26,,,,67,51
USW00094741,"TETERBORO AIRPORT, NJ US",10/18/2022,0,,,,57,42
USW00094741,"TETERBORO AIRPORT, NJ US",10/19/2022,0,,,,56,36
USW00094741,"TETERBORO AIRPORT, NJ US",10/20/2022,0,,,,61,37
USW00094741,"TETERBORO AIRPORT, NJ US",10/21/2022,0,,,,65,37
USW00094741,"TETERBORO AIRPORT, NJ US",10/22/2022,0,,,,68,39
USW00094741,"TETERBORO AIRPORT, NJ US",10/23/2022,0.03,,,,62,49
USW00094741,"TETERBORO AIRPORT, NJ US",10/24/2022,0.88,,,,61,54
USW00094741,"TETERBORO AIRPORT, NJ US",10/25/2022,0.03,,,,72,60
USW00094741,"TETERBORO AIRPORT, NJ US",10/26/2022,0.01,,,,76,58
USW00094741,"TETERBORO AIRPORT, NJ US",10/27/2022,0,,,,66,48
USW00094741,"TETERBORO AIRPORT, NJ US",10/28/2022,0,,,,59,43
USW00094741,"TETERBORO AIRPORT, NJ US",10/29/2022,0,,,,62,36
USW00094741,"TETERBORO AIRPORT, NJ US",10/30/2022,0,,,,66,34
USW00094741,"TETERBORO AIRPORT, NJ US",10/31/2022,0.1,,,,65,42
USW00094741,"TETERBORO AIRPORT, NJ US",11/1/2022,0.14,,,,69,57
USW00094741,"TETERBORO AIRPORT, NJ US",11/2/2022,0,,,,71,50
USW00094741,"TETERBORO AIRPORT, NJ US",11/3/2022,0,,,,69,45
USW00094741,"TETERBORO AIRPORT, NJ US",11/4/2022,0,,,,73,44
USW00094741,"TETERBORO AIRPORT, NJ US",11/5/2022,0,,,,77,55
USW00094741,"TETERBORO AIRPORT, NJ US",11/6/2022,0.01,,,,78,61
USW00094741,"TETERBORO AIRPORT, NJ US",11/7/2022,0.02,,,,78,52
USW00094741,"TETERBORO AIRPORT, NJ US",11/8/2022,0,,,,59,44
USW00094741,"TETERBORO AIRPORT, NJ US",11/9/2022,0,,,,56,37
USW00094741,"TETERBORO AIRPORT, NJ US",11/10/2022,0,,,,70,38
USW00094741,"TETERBORO AIRPORT, NJ US",11/11/2022,0.81,,,,72,53
USW00094741,"TETERBORO AIRPORT, NJ US",11/12/2022,0.14,,,,70,59
USW00094741,"TETERBORO AIRPORT, NJ US",11/13/2022,0.08,,,,59,39
USW00094741,"TETERBORO AIRPORT, NJ US",11/14/2022,0,,,,46,33
USW00094741,"TETERBORO AIRPORT, NJ US",11/15/2022,0.52,,,,43,29
USW00094741,"TETERBORO AIRPORT, NJ US",11/16/2022,0.3,,,,51,38
USW00094741,"TETERBORO AIRPORT, NJ US",11/17/2022,0,,,,47,35
USW00094741,"TETERBORO AIRPORT, NJ US",11/18/2022,0,,,,44,29
USW00094741,"TETERBORO AIRPORT, NJ US",11/19/2022,0,,,,40,26
USW00094741,"TETERBORO AIRPORT, NJ US",11/20/2022,0,,,,36,26
USW00094741,"TETERBORO AIRPORT, NJ US",11/21/2022,0,,,,42,21
USW00094741,"TETERBORO AIRPORT, NJ US",11/22/2022,0,,,,52,28
USW00094741,"TETERBORO AIRPORT, NJ US",11/23/2022,0,,,,56,28
USW00094741,"TETERBORO AIRPORT, NJ US",11/24/2022,0,,,,52,30
USW00094741,"TETERBORO AIRPORT, NJ US",11/25/2022,0.04,,,,56,37
USW00094741,"TETERBORO AIRPORT, NJ US",11/26/2022,0,,,,57,41
USW00094741,"TETERBORO AIRPORT, NJ US",11/27/2022,0.47,,,,58,38
USW00094741,"TETERBORO AIRPORT, NJ US",11/28/2022,0,,,,56,38
USW00094741,"TETERBORO AIRPORT, NJ US",11/29/2022,0,,,,43,28
USW00094741,"TETERBORO AIRPORT, NJ US",11/30/2022,0.72,,,,60,33
